model,beta,partition,count,rmse,signed_mean,max_abs,flux_rmse,oob,root_min,root_max
mse_125k,0.1,sharp_front,1,8.373222903923505e-07,-8.373222903923505e-07,8.373222903923505e-07,4.01927756733117e-07,0,0.09762560040757973,0.09762560040757973
residual_62k,0.1,sharp_front,1,1.7822692697233578e-06,1.7822692697233578e-06,1.7822692697233578e-06,8.555278031320557e-07,0,0.09762560040757973,0.09762560040757973
residual_125k,0.1,sharp_front,1,1.8118952837542501e-06,1.8118952837542501e-06,1.8118952837542501e-06,8.697490544509745e-07,0,0.09762560040757973,0.09762560040757973
residual_continued_best,0.1,sharp_front,1,1.5037405090567724e-06,1.5037405090567724e-06,1.5037405090567724e-06,7.21827007610365e-07,0,0.09762560040757973,0.09762560040757973
mse_125k,0.1,near_front,64,5.858971410432465e-06,3.869475053481022e-06,1.2773958565429067e-05,2.6793566084799884e-06,0,0.08424931040211119,0.1071477781417466
residual_62k,0.1,near_front,64,1.1164830058530755e-05,6.0683854003016485e-06,2.2094085710008815e-05,4.890556994020263e-06,0,0.08424931040211119,0.1071477781417466
residual_125k,0.1,near_front,64,1.0826345522180821e-05,6.337205839744911e-06,2.1800546470149285e-05,4.754483742797155e-06,0,0.08424931040211119,0.1071477781417466
residual_continued_best,0.1,near_front,64,8.219193525798636e-06,2.1646490278460356e-06,1.611500884245165e-05,3.6432877087267752e-06,0,0.08424931040211119,0.1071477781417466
mse_125k,1.0,sharp_front,1,3.0582485138763715e-06,3.0582485138763715e-06,3.0582485138763715e-06,3.1435821445935375e-06,0,0.5400530539156227,0.5400530539156227
residual_62k,1.0,sharp_front,1,3.3096528673226544e-07,-3.3096528673226544e-07,3.3096528673226544e-07,3.40200770276855e-07,0,0.5400530539156227,0.5400530539156227
residual_125k,1.0,sharp_front,1,2.051687757465004e-07,2.051687757465004e-07,2.051687757465004e-07,2.1089388474448967e-07,0,0.5400530539156227,0.5400530539156227
residual_continued_best,1.0,sharp_front,1,1.9101527211073943e-06,-1.9101527211073943e-06,1.9101527211073943e-06,1.9634566407189524e-06,0,0.5400530539156227,0.5400530539156227
mse_125k,1.0,near_front,64,9.447167863856697e-06,5.482660068890401e-06,1.9009576006645545e-05,1.0205631373183786e-05,0,0.47231532691983663,0.5449910595978152
residual_62k,1.0,near_front,64,1.0070252200017973e-05,6.776934461897623e-06,1.678787224912437e-05,1.0487004769237837e-05,0,0.47231532691983663,0.5449910595978152
residual_125k,1.0,near_front,64,1.3485040662927924e-05,1.0181133232799525e-05,2.1942312685596654e-05,1.4051349571396935e-05,0,0.47231532691983663,0.5449910595978152
residual_continued_best,1.0,near_front,64,7.160903354936712e-06,3.2768996836435305e-06,1.147978135940253e-05,7.493314469381033e-06,0,0.47231532691983663,0.5449910595978152
mse_125k,10.0,sharp_front,1,2.798349193477989e-07,-2.798349193477989e-07,2.798349193477989e-07,3.1688120972761524e-06,0,0.9983871892960448,0.9983871892960448
residual_62k,10.0,sharp_front,1,3.4106684587698055e-08,3.4106684587698055e-08,3.4106684587698055e-08,3.862502765406006e-07,0,0.9983871892960448,0.9983871892960448
residual_125k,10.0,sharp_front,1,5.124822441970878e-07,5.124822441970878e-07,5.124822441970878e-07,5.804449479507312e-06,0,0.9983871892960448,0.9983871892960448
residual_continued_best,10.0,sharp_front,1,3.498925436051792e-07,3.498925436051792e-07,3.498925436051792e-07,3.962770435572693e-06,0,0.9983871892960448,0.9983871892960448
mse_125k,10.0,near_front,64,5.919594769105631e-06,4.340331062712213e-06,1.0213287440996588e-05,1.624496046344971e-05,0,0.9089390484594964,0.9984728063894982
residual_62k,10.0,near_front,64,5.021216790334248e-06,-2.2652190338600525e-06,7.9701823109124e-06,2.512768832290094e-05,0,0.9089390484594964,0.9984728063894982
residual_125k,10.0,near_front,64,4.332999046311988e-06,-1.5610341064630634e-06,6.604352482675324e-06,2.0014034930568714e-05,0,0.9089390484594964,0.9984728063894982
residual_continued_best,10.0,near_front,64,2.3513452058776665e-06,-8.009073123958071e-07,5.902720345840606e-06,6.289199194075694e-06,0,0.9089390484594964,0.9984728063894982
mse_125k,50.0,sharp_front,1,4.966357162183854e-07,-4.966357162183854e-07,4.966357162183854e-07,0.0038064857337828384,0,0.9999996542856746,0.9999996542856746
residual_62k,50.0,sharp_front,1,9.26342744733688e-08,-9.26342744733688e-08,9.26342744733688e-08,0.0009521389767267463,0,0.9999996542856746,0.9999996542856746
residual_125k,50.0,sharp_front,1,1.1202274907695653e-07,-1.1202274907695653e-07,1.1202274907695653e-07,0.0011304416645422366,0,0.9999996542856746,0.9999996542856746
residual_continued_best,50.0,sharp_front,1,3.508676598151794e-07,-3.508676598151794e-07,3.508676598151794e-07,0.0029391225772795737,0,0.9999996542856746,0.9999996542856746
mse_125k,50.0,near_front,64,7.698794723546008e-06,-3.6172207059769618e-06,1.7065358370760286e-05,0.004069093467071515,1,0.9803787648219204,0.9999996715643115
residual_62k,50.0,near_front,64,1.3999913651553186e-06,6.644947941544799e-08,3.579719134449988e-06,0.0006623260217080129,0,0.9803787648219204,0.9999996715643115
residual_125k,50.0,near_front,64,1.4496306009187655e-06,-1.4448887283163847e-07,3.4415739407211987e-06,0.0008092810259465593,0,0.9803787648219204,0.9999996715643115
residual_continued_best,50.0,near_front,64,1.925390361965648e-06,-8.301067671336038e-07,3.269009387296684e-06,0.0012927302470674598,0,0.9803787648219204,0.9999996715643115
mse_125k,100.0,sharp_front,1,2.3731378340219322e-07,2.3731378340219322e-07,2.3731378340219322e-07,0.00999999989731104,1,0.9999999897310982,0.9999999897310982
residual_62k,100.0,sharp_front,1,1.1305541569583966e-07,-1.1305541569583966e-07,1.1305541569583966e-07,0.00633492324740792,0,0.9999999897310982,0.9999999897310982
residual_125k,100.0,sharp_front,1,3.926916326557617e-07,-3.926916326557617e-07,3.926916326557617e-07,0.010609559387289358,0,0.9999999897310982,0.9999999897310982
residual_continued_best,100.0,sharp_front,1,2.3792280479106864e-08,-2.3792280479106864e-08,2.3792280479106864e-08,0.0026756954529743027,0,0.9999999897310982,0.9999999897310982
mse_125k,100.0,near_front,64,5.649958282836162e-06,-1.195200172592753e-06,1.2198809174579495e-05,0.004561036248848837,9,0.9857352187532368,0.9999999902393071
residual_62k,100.0,near_front,64,1.8923100839966864e-06,5.458188279353765e-07,4.000226551115205e-06,0.01179555182685043,16,0.9857352187532368,0.9999999902393071
residual_125k,100.0,near_front,64,1.999870429492402e-06,7.290098637483672e-07,3.900927869171511e-06,0.01215001496015564,16,0.9857352187532368,0.9999999902393071
residual_continued_best,100.0,near_front,64,1.5345978316687486e-06,3.352712518844142e-07,3.016775047770537e-06,0.0115502412235497,16,0.9857352187532368,0.9999999902393071
mse_125k,500.0,sharp_front,1,2.5458188346316746e-07,2.5458188346316746e-07,2.5458188346316746e-07,0.0019999999999936735,1,0.9999999999968435,0.9999999999968435
residual_62k,500.0,sharp_front,1,3.528655201368025e-08,-3.528655201368025e-08,3.528655201368025e-08,0.010764691283528416,0,0.9999999999968435,0.9999999999968435
residual_125k,500.0,sharp_front,1,1.3226300266122593e-07,1.3226300266122593e-07,1.3226300266122593e-07,0.0019999999999936735,1,0.9999999999968435,0.9999999999968435
residual_continued_best,500.0,sharp_front,1,5.231504773828277e-08,-5.231504773828277e-08,5.231504773828277e-08,0.011796130842768648,0,0.9999999999968435,0.9999999999968435
mse_125k,500.0,near_front,64,5.465200098629636e-06,-3.1509498058281127e-06,1.0032454138775293e-05,0.009884686876597189,8,0.989231617918163,0.9999999999969985
residual_62k,500.0,near_front,64,2.5475138099691406e-06,-4.0728017945690365e-07,5.430345807244663e-06,0.008331697623281715,0,0.989231617918163,0.9999999999969985
residual_125k,500.0,near_front,64,2.9364629909678312e-06,8.223797040227132e-08,7.153785354319098e-06,0.007172560866871848,7,0.989231617918163,0.9999999999969985
residual_continued_best,500.0,near_front,64,3.1430424850219175e-06,-9.505917916499684e-07,5.444983945501747e-06,0.009680531448780713,0,0.989231617918163,0.9999999999969985
mse_125k,1000.0,sharp_front,1,4.2667712119026646e-07,4.2667712119026646e-07,4.2667712119026646e-07,0.0009999999999998899,1,0.9999999999999019,0.9999999999999019
residual_62k,1000.0,sharp_front,1,2.7782127165476567e-07,-2.7782127165476567e-07,2.7782127165476567e-07,0.018160693502389358,0,0.9999999999999019,0.9999999999999019
residual_125k,1000.0,sharp_front,1,2.679065722599461e-07,-2.679065722599461e-07,2.679065722599461e-07,0.01802457901959642,0,0.9999999999999019,0.9999999999999019
residual_continued_best,1000.0,sharp_front,1,1.4763039990484117e-07,-1.4763039990484117e-07,1.4763039990484117e-07,0.015923211364834433,0,0.9999999999999019,0.9999999999999019
mse_125k,1000.0,near_front,64,6.434907895732965e-06,-4.004418427671144e-06,1.224328080617898e-05,0.010629491872928614,8,0.989620956651169,0.9999999999999066
residual_62k,1000.0,near_front,64,3.1273715489033543e-06,-1.8328208272432034e-07,6.560376330289053e-06,0.011069519747284713,0,0.989620956651169,0.9999999999999066
residual_125k,1000.0,near_front,64,3.3479788934771234e-06,-1.0814926126520574e-08,7.449120450586655e-06,0.011007400772284964,0,0.989620956651169,0.9999999999999066
residual_continued_best,1000.0,near_front,64,3.392552173988991e-06,-4.4440583244799436e-07,5.543957009357392e-06,0.011092167688331394,0,0.989620956651169,0.9999999999999066
mse_125k,10000.0,sharp_front,1,1.802608676770845e-07,-1.802608676770845e-07,1.802608676770845e-07,0.01750064199682244,0,1.0,1.0
residual_62k,10000.0,sharp_front,1,5.470515163086276e-07,5.470515163086276e-07,5.470515163086276e-07,0.00010000000000010001,1,1.0,1.0
residual_125k,10000.0,sharp_front,1,5.210510956032977e-07,5.210510956032977e-07,5.210510956032977e-07,0.00010000000000010001,1,1.0,1.0
residual_continued_best,10000.0,sharp_front,1,3.207126209048283e-08,3.207126209048283e-08,3.207126209048283e-08,0.00010000000000010001,1,1.0,1.0
mse_125k,10000.0,near_front,64,3.0574750031874844e-06,-1.859103842927201e-06,4.832947824828793e-06,0.010652806638698815,0,0.9899625558720861,1.0
residual_62k,10000.0,near_front,64,1.5803323413304399e-06,-3.4819734689994775e-07,2.2198345006607667e-06,0.007958640732421461,8,0.9899625558720861,1.0
residual_125k,10000.0,near_front,64,1.5420843958044796e-06,-2.233494213778331e-07,2.2802516372877335e-06,0.007752136171599618,8,0.9899625558720861,1.0
residual_continued_best,10000.0,near_front,64,2.195588915273285e-06,8.902847350653054e-08,3.898572593419303e-06,0.008500900645180774,8,0.9899625558720861,1.0
