case,model,producer,time,reference,prediction
EDFM,mse_125k,PROD_1,0.0,0.0,0.0
EDFM,mse_125k,PROD_1,100000000.0,0.0,9.377768841516053e-09
EDFM,mse_125k,PROD_1,200000000.0,8.7001090442871e-05,8.903658409670496e-05
EDFM,mse_125k,PROD_1,300000000.0,0.009417879751338168,0.009240988661524908
EDFM,mse_125k,PROD_1,400000000.0,0.05853770937265256,0.057088137970954696
EDFM,mse_125k,PROD_1,500000000.0,0.14988161359059415,0.1462626531910915
EDFM,mse_125k,PROD_1,600000000.0,0.26063073703202067,0.25348690699499654
EDFM,mse_125k,PROD_1,700000000.0,0.3708902042637535,0.3577989927854062
EDFM,mse_125k,PROD_1,800000000.0,0.4729121216112412,0.45156213658674493
EDFM,mse_125k,PROD_1,900000000.0,0.5678998207237131,0.5349342599622213
EDFM,mse_125k,PROD_1,1000000000.0,0.6607739330262489,0.6132068273004392
EDFM,mse_125k,FIELD_TOTAL,0.0,0.0,0.0
EDFM,mse_125k,FIELD_TOTAL,100000000.0,0.0,9.377768841516053e-09
EDFM,mse_125k,FIELD_TOTAL,200000000.0,8.7001090442871e-05,8.903658409670496e-05
EDFM,mse_125k,FIELD_TOTAL,300000000.0,0.009417879751338168,0.009240988661524908
EDFM,mse_125k,FIELD_TOTAL,400000000.0,0.05853770937265257,0.057088137970954696
EDFM,mse_125k,FIELD_TOTAL,500000000.0,0.14988161359059415,0.1462626531910915
EDFM,mse_125k,FIELD_TOTAL,600000000.0,0.26063073703202067,0.25348690699499654
EDFM,mse_125k,FIELD_TOTAL,700000000.0,0.3708902042637535,0.3577989927854062
EDFM,mse_125k,FIELD_TOTAL,800000000.0,0.4729121216112412,0.45156213658674493
EDFM,mse_125k,FIELD_TOTAL,900000000.0,0.5678998207237131,0.5349342599622213
EDFM,mse_125k,FIELD_TOTAL,1000000000.0,0.6607739330262489,0.6132068273004392
EDFM,residual_125k,PROD_1,0.0,0.0,0.0
EDFM,residual_125k,PROD_1,100000000.0,0.0,2.7614014489104245e-09
EDFM,residual_125k,PROD_1,200000000.0,8.7001090442871e-05,0.0001032636673370748
EDFM,residual_125k,PROD_1,300000000.0,0.009417879751338168,0.009962300057106748
EDFM,residual_125k,PROD_1,400000000.0,0.05853770937265256,0.06007036538084699
EDFM,residual_125k,PROD_1,500000000.0,0.14988161359059415,0.15211208013988994
EDFM,residual_125k,PROD_1,600000000.0,0.26063073703202067,0.2643745110363329
EDFM,residual_125k,PROD_1,700000000.0,0.3708902042637535,0.37899993714444635
EDFM,residual_125k,PROD_1,800000000.0,0.4729121216112412,0.4902936357213555
EDFM,residual_125k,PROD_1,900000000.0,0.5678998207237131,0.5969074063076288
EDFM,residual_125k,PROD_1,1000000000.0,0.6607739330262489,0.702407696061668
EDFM,residual_125k,FIELD_TOTAL,0.0,0.0,0.0
EDFM,residual_125k,FIELD_TOTAL,100000000.0,0.0,2.7614014489104245e-09
EDFM,residual_125k,FIELD_TOTAL,200000000.0,8.7001090442871e-05,0.0001032636673370748
EDFM,residual_125k,FIELD_TOTAL,300000000.0,0.009417879751338168,0.009962300057106748
EDFM,residual_125k,FIELD_TOTAL,400000000.0,0.05853770937265257,0.06007036538084699
EDFM,residual_125k,FIELD_TOTAL,500000000.0,0.14988161359059415,0.15211208013988994
EDFM,residual_125k,FIELD_TOTAL,600000000.0,0.26063073703202067,0.2643745110363329
EDFM,residual_125k,FIELD_TOTAL,700000000.0,0.3708902042637535,0.37899993714444635
EDFM,residual_125k,FIELD_TOTAL,800000000.0,0.4729121216112412,0.4902936357213555
EDFM,residual_125k,FIELD_TOTAL,900000000.0,0.5678998207237131,0.5969074063076288
EDFM,residual_125k,FIELD_TOTAL,1000000000.0,0.6607739330262489,0.702407696061668
EDFM,residual_continued_best,PROD_1,0.0,0.0,0.0
EDFM,residual_continued_best,PROD_1,100000000.0,0.0,2.5248247945452777e-09
EDFM,residual_continued_best,PROD_1,200000000.0,8.7001090442871e-05,9.074456077418422e-05
EDFM,residual_continued_best,PROD_1,300000000.0,0.009417879751338168,0.009499251422740428
EDFM,residual_continued_best,PROD_1,400000000.0,0.05853770937265256,0.058598906877242805
EDFM,residual_continued_best,PROD_1,500000000.0,0.14988161359059415,0.1496297488402553
EDFM,residual_continued_best,PROD_1,600000000.0,0.26063073703202067,0.25988287898765594
EDFM,residual_continued_best,PROD_1,700000000.0,0.3708902042637535,0.36999882058121714
EDFM,residual_continued_best,PROD_1,800000000.0,0.4729121216112412,0.4741405329555395
EDFM,residual_continued_best,PROD_1,900000000.0,0.5678998207237131,0.5761915599692884
EDFM,residual_continued_best,PROD_1,1000000000.0,0.6607739330262489,0.6684237833153812
EDFM,residual_continued_best,FIELD_TOTAL,0.0,0.0,0.0
EDFM,residual_continued_best,FIELD_TOTAL,100000000.0,0.0,2.5248247945452777e-09
EDFM,residual_continued_best,FIELD_TOTAL,200000000.0,8.7001090442871e-05,9.074456077418422e-05
EDFM,residual_continued_best,FIELD_TOTAL,300000000.0,0.009417879751338168,0.009499251422740428
EDFM,residual_continued_best,FIELD_TOTAL,400000000.0,0.05853770937265257,0.058598906877242805
EDFM,residual_continued_best,FIELD_TOTAL,500000000.0,0.14988161359059415,0.1496297488402553
EDFM,residual_continued_best,FIELD_TOTAL,600000000.0,0.26063073703202067,0.25988287898765594
EDFM,residual_continued_best,FIELD_TOTAL,700000000.0,0.3708902042637535,0.36999882058121714
EDFM,residual_continued_best,FIELD_TOTAL,800000000.0,0.4729121216112412,0.4741405329555395
EDFM,residual_continued_best,FIELD_TOTAL,900000000.0,0.5678998207237131,0.5761915599692884
EDFM,residual_continued_best,FIELD_TOTAL,1000000000.0,0.6607739330262489,0.6684237833153812
Norne,mse_125k,P1_K1_3,0.0,0.0,0.0
Norne,mse_125k,P1_K1_3,100000.0,0.0,9.956096816583905e-09
Norne,mse_125k,P1_K1_3,200000.0,7.557615270158113e-12,1.646301161541776e-08
Norne,mse_125k,P1_K1_3,300000.0,0.040800238999415026,0.034684927698908324
Norne,mse_125k,P1_K1_3,400000.0,0.18936373654587582,0.17123940069258223
Norne,mse_125k,P1_K1_3,500000.0,0.3516796697761458,0.32665105992625126
Norne,mse_125k,P1_K1_3,600000.0,0.4770768225665313,0.4467192698118514
Norne,mse_125k,P1_K1_3,700000.0,0.5740265832882228,0.5364419555028481
Norne,mse_125k,P1_K1_3,800000.0,0.6579256404624236,0.6075113361931748
Norne,mse_125k,P1_K1_3,900000.0,0.7383424954338137,0.6681980132579812
Norne,mse_125k,P1_K1_3,1000000.0,0.80213099956614,0.723626950515427
Norne,mse_125k,P1_K5_22,0.0,0.0,0.0
Norne,mse_125k,P1_K5_22,100000.0,0.0,8.096677686569223e-09
Norne,mse_125k,P1_K5_22,200000.0,0.022692740031074767,0.019171754398607736
Norne,mse_125k,P1_K5_22,300000.0,0.1699592444445599,0.15434222435997585
Norne,mse_125k,P1_K5_22,400000.0,0.33281018693040004,0.30653755193508786
Norne,mse_125k,P1_K5_22,500000.0,0.462597820678511,0.42627866075336707
Norne,mse_125k,P1_K5_22,600000.0,0.5637189274353471,0.5187813628790698
Norne,mse_125k,P1_K5_22,700000.0,0.6425541579607877,0.5919621452228635
Norne,mse_125k,P1_K5_22,800000.0,0.7068786539395743,0.6507165609302665
Norne,mse_125k,P1_K5_22,900000.0,0.7609642646767786,0.6996262204760356
Norne,mse_125k,P1_K5_22,1000000.0,0.8048009234653059,0.740734875367369
Norne,mse_125k,P2_K1_3,0.0,0.0,0.0
Norne,mse_125k,P2_K1_3,100000.0,0.0,1.0966470618812595e-08
Norne,mse_125k,P2_K1_3,200000.0,0.08044213856944914,0.07173069420399301
Norne,mse_125k,P2_K1_3,300000.0,0.3502236687328528,0.3286505650431168
Norne,mse_125k,P2_K1_3,400000.0,0.5670567871668988,0.532849040870236
Norne,mse_125k,P2_K1_3,500000.0,0.7370623065965433,0.6768773647823504
Norne,mse_125k,P2_K1_3,600000.0,0.8694835779702361,0.794042990336495
Norne,mse_125k,P2_K1_3,700000.0,0.9243223417044837,0.8591610565367993
Norne,mse_125k,P2_K1_3,800000.0,0.9590441929130172,0.889970921089508
Norne,mse_125k,P2_K1_3,900000.0,0.981094306028757,0.9113313930906768
Norne,mse_125k,P2_K1_3,1000000.0,0.9894419806344804,0.9265273932641818
Norne,mse_125k,P2_K5_22,0.0,0.0,0.0
Norne,mse_125k,P2_K5_22,100000.0,1.1685423360434273e-11,8.930975627293989e-09
Norne,mse_125k,P2_K5_22,200000.0,0.11947374276983312,0.1087695318488245
Norne,mse_125k,P2_K5_22,300000.0,0.3587629172476358,0.33381993244614816
Norne,mse_125k,P2_K5_22,400000.0,0.5477411794161929,0.5061382398982316
Norne,mse_125k,P2_K5_22,500000.0,0.6959654876853628,0.6364205713106573
Norne,mse_125k,P2_K5_22,600000.0,0.7904259886189309,0.7304612641923162
Norne,mse_125k,P2_K5_22,700000.0,0.8412534210270252,0.7861423563572627
Norne,mse_125k,P2_K5_22,800000.0,0.876263792378254,0.8204572665664186
Norne,mse_125k,P2_K5_22,900000.0,0.9030358312832376,0.8453814382387811
Norne,mse_125k,P2_K5_22,1000000.0,0.9238708622921357,0.8648880978242761
Norne,mse_125k,P3_K2_3,0.0,0.0,0.0
Norne,mse_125k,P3_K2_3,100000.0,0.0,6.0436135473617005e-12
Norne,mse_125k,P3_K2_3,200000.0,0.0,6.805850299573378e-10
Norne,mse_125k,P3_K2_3,300000.0,0.0,3.0179853662322383e-09
Norne,mse_125k,P3_K2_3,400000.0,0.0,6.803060300694772e-09
Norne,mse_125k,P3_K2_3,500000.0,0.0,1.1826287603010675e-08
Norne,mse_125k,P3_K2_3,600000.0,0.0,1.789549336889364e-08
Norne,mse_125k,P3_K2_3,700000.0,0.0,2.4835649072990926e-08
Norne,mse_125k,P3_K2_3,800000.0,4.6303662075722407e-20,3.2488522938009296e-08
Norne,mse_125k,P3_K2_3,900000.0,0.00023479063397188014,3.199824587482432e-05
Norne,mse_125k,P3_K2_3,1000000.0,0.018323644730724606,0.00996660765086919
Norne,mse_125k,P3_K5_8,0.0,0.0,0.0
Norne,mse_125k,P3_K5_8,100000.0,0.0,7.828787900273872e-09
Norne,mse_125k,P3_K5_8,200000.0,0.0,1.4303042342905279e-08
Norne,mse_125k,P3_K5_8,300000.0,2.395848209630233e-05,5.6406144069135214e-06
Norne,mse_125k,P3_K5_8,400000.0,0.02091481143844319,0.01597755541900799
Norne,mse_125k,P3_K5_8,500000.0,0.11397839785197782,0.09793996237475387
Norne,mse_125k,P3_K5_8,600000.0,0.24256231376859527,0.2176546491909156
Norne,mse_125k,P3_K5_8,700000.0,0.36466170899217004,0.33334935965919893
Norne,mse_125k,P3_K5_8,800000.0,0.4701664294971667,0.43221409887931306
Norne,mse_125k,P3_K5_8,900000.0,0.5623391390103141,0.5165698252068769
Norne,mse_125k,P3_K5_8,1000000.0,0.6478020065740179,0.5897683165364355
Norne,mse_125k,P3_K12_18,0.0,0.0,0.0
Norne,mse_125k,P3_K12_18,100000.0,0.0,7.2778214667866e-09
Norne,mse_125k,P3_K12_18,200000.0,0.0,1.3928805724675595e-08
Norne,mse_125k,P3_K12_18,300000.0,9.240294065385294e-06,3.1172689362203037e-06
Norne,mse_125k,P3_K12_18,400000.0,0.014580030793953806,0.01091703568567991
Norne,mse_125k,P3_K12_18,500000.0,0.09225747869702183,0.07840718542938022
Norne,mse_125k,P3_K12_18,600000.0,0.21243347523575057,0.18913408466843387
Norne,mse_125k,P3_K12_18,700000.0,0.3341622091724626,0.3040424024295472
Norne,mse_125k,P3_K12_18,800000.0,0.44136272317718495,0.4049907882851237
Norne,mse_125k,P3_K12_18,900000.0,0.5336988091204506,0.49074612530503237
Norne,mse_125k,P3_K12_18,1000000.0,0.6162448774771555,0.5639015420175006
Norne,mse_125k,P3_K22_22,0.0,0.0,0.0
Norne,mse_125k,P3_K22_22,100000.0,0.0,9.189876376758971e-09
Norne,mse_125k,P3_K22_22,200000.0,0.0,1.6501822951304775e-08
Norne,mse_125k,P3_K22_22,300000.0,7.279309229834252e-48,1.9176436101251164e-08
Norne,mse_125k,P3_K22_22,400000.0,0.004978743683508899,0.0034994765893455416
Norne,mse_125k,P3_K22_22,500000.0,0.048283427547163874,0.03968945371758464
Norne,mse_125k,P3_K22_22,600000.0,0.13835596315836218,0.12069668934291901
Norne,mse_125k,P3_K22_22,700000.0,0.24531791334977798,0.22051815782504644
Norne,mse_125k,P3_K22_22,800000.0,0.3486257538735584,0.3179077068949432
Norne,mse_125k,P3_K22_22,900000.0,0.4406714351895306,0.4048280137878893
Norne,mse_125k,P3_K22_22,1000000.0,0.5214179218407532,0.47967072585276044
Norne,mse_125k,P4_K1_3,0.0,0.0,0.0
Norne,mse_125k,P4_K1_3,100000.0,0.0,5.471285736891736e-09
Norne,mse_125k,P4_K1_3,200000.0,0.0,1.3093123887188569e-08
Norne,mse_125k,P4_K1_3,300000.0,0.0,1.6390821650448737e-08
Norne,mse_125k,P4_K1_3,400000.0,0.0,1.9455905667717417e-08
Norne,mse_125k,P4_K1_3,500000.0,0.0,2.225879540682582e-08
Norne,mse_125k,P4_K1_3,600000.0,0.0,2.4799154786317604e-08
Norne,mse_125k,P4_K1_3,700000.0,0.0,2.70922268212129e-08
Norne,mse_125k,P4_K1_3,800000.0,0.0,2.9160506701960172e-08
Norne,mse_125k,P4_K1_3,900000.0,0.0,3.102884829345893e-08
Norne,mse_125k,P4_K1_3,1000000.0,0.0,3.272173386727645e-08
Norne,mse_125k,P4_K5_8,0.0,0.0,0.0
Norne,mse_125k,P4_K5_8,100000.0,0.0,1.3518387349535187e-09
Norne,mse_125k,P4_K5_8,200000.0,0.0,2.7683149869475915e-09
Norne,mse_125k,P4_K5_8,300000.0,0.0,4.2577625136668265e-09
Norne,mse_125k,P4_K5_8,400000.0,0.0,6.252452668985743e-09
Norne,mse_125k,P4_K5_8,500000.0,0.0,8.688401782561387e-09
Norne,mse_125k,P4_K5_8,600000.0,9.092258639569183e-103,1.1510147378215657e-08
Norne,mse_125k,P4_K5_8,700000.0,1.4701148684332004e-05,4.2476976208200284e-08
Norne,mse_125k,P4_K5_8,800000.0,0.018319940618824346,0.00981598401268082
Norne,mse_125k,P4_K5_8,900000.0,0.10684398998021381,0.08073607903235902
Norne,mse_125k,P4_K5_8,1000000.0,0.2298409911969906,0.19365434308629384
Norne,mse_125k,P4_K10_18,0.0,0.0,0.0
Norne,mse_125k,P4_K10_18,100000.0,0.0,5.27368740949705e-09
Norne,mse_125k,P4_K10_18,200000.0,0.0,1.170098046243053e-08
Norne,mse_125k,P4_K10_18,300000.0,0.0,1.4989690724388007e-08
Norne,mse_125k,P4_K10_18,400000.0,0.0,1.8251248922751e-08
Norne,mse_125k,P4_K10_18,500000.0,1.0217123122711664e-05,2.7336248188729776e-06
Norne,mse_125k,P4_K10_18,600000.0,0.001328768605342641,0.0008589230074500012
Norne,mse_125k,P4_K10_18,700000.0,0.012985557890727323,0.009680526284484198
Norne,mse_125k,P4_K10_18,800000.0,0.05250004419696185,0.041607283989085274
Norne,mse_125k,P4_K10_18,900000.0,0.12756835703560215,0.10724032448545757
Norne,mse_125k,P4_K10_18,1000000.0,0.22023557648814748,0.19206057727999648
Norne,mse_125k,P4_K20_22,0.0,0.0,0.0
Norne,mse_125k,P4_K20_22,100000.0,0.0,5.0346833160798105e-09
Norne,mse_125k,P4_K20_22,200000.0,0.0,1.0531606897274513e-08
Norne,mse_125k,P4_K20_22,300000.0,0.0,1.338622311136581e-08
Norne,mse_125k,P4_K20_22,400000.0,0.0,1.6178350679587884e-08
Norne,mse_125k,P4_K20_22,500000.0,4.4583829442385546e-10,1.9147065534407982e-08
Norne,mse_125k,P4_K20_22,600000.0,0.0005749000616596538,0.0003429310353693524
Norne,mse_125k,P4_K20_22,700000.0,0.005287067358942575,0.004124540839486907
Norne,mse_125k,P4_K20_22,800000.0,0.01703076123586251,0.014117164450438851
Norne,mse_125k,P4_K20_22,900000.0,0.03754723557503838,0.03198131085877644
Norne,mse_125k,P4_K20_22,1000000.0,0.0668251884578568,0.05762151235144154
Norne,mse_125k,FIELD_TOTAL,0.0,0.0,0.0
Norne,mse_125k,FIELD_TOTAL,100000.0,4.512487686756419e-12,8.419770261047339e-09
Norne,mse_125k,FIELD_TOTAL,200000.0,0.05871190267205102,0.05286101211003084
Norne,mse_125k,FIELD_TOTAL,300000.0,0.2188568544654626,0.20239959953620684
Norne,mse_125k,FIELD_TOTAL,400000.0,0.36673766627651666,0.33882877282012097
Norne,mse_125k,FIELD_TOTAL,500000.0,0.4888605851465585,0.4481575290838604
Norne,mse_125k,FIELD_TOTAL,600000.0,0.580290733938018,0.5346355852247411
Norne,mse_125k,FIELD_TOTAL,700000.0,0.6430607443634749,0.5969987713074221
Norne,mse_125k,FIELD_TOTAL,800000.0,0.6942627055934374,0.644355074787299
Norne,mse_125k,FIELD_TOTAL,900000.0,0.7392009538864748,0.6849384036028481
Norne,mse_125k,FIELD_TOTAL,1000000.0,0.7773052821669986,0.720604891842068
Norne,residual_125k,P1_K1_3,0.0,0.0,0.0
Norne,residual_125k,P1_K1_3,100000.0,0.0,6.983599861652296e-10
Norne,residual_125k,P1_K1_3,200000.0,7.557615270158113e-12,2.8678337145927754e-09
Norne,residual_125k,P1_K1_3,300000.0,0.040800238999415026,0.039735043764390646
Norne,residual_125k,P1_K1_3,400000.0,0.18936373654587582,0.18664020371236797
Norne,residual_125k,P1_K1_3,500000.0,0.3516796697761458,0.34887231909894606
Norne,residual_125k,P1_K1_3,600000.0,0.4770768225665313,0.47605295190473906
Norne,residual_125k,P1_K1_3,700000.0,0.5740265832882228,0.5783475738011146
Norne,residual_125k,P1_K1_3,800000.0,0.6579256404624236,0.675624105854206
Norne,residual_125k,P1_K1_3,900000.0,0.7383424954338137,0.7745392155068058
Norne,residual_125k,P1_K1_3,1000000.0,0.80213099956614,0.8287681106590444
Norne,residual_125k,P1_K5_22,0.0,0.0,0.0
Norne,residual_125k,P1_K5_22,100000.0,0.0,7.034724881968853e-10
Norne,residual_125k,P1_K5_22,200000.0,0.022692740031074767,0.02151857363772953
Norne,residual_125k,P1_K5_22,300000.0,0.1699592444445599,0.16615904241078577
Norne,residual_125k,P1_K5_22,400000.0,0.33281018693040004,0.3275879539539922
Norne,residual_125k,P1_K5_22,500000.0,0.462597820678511,0.45797402531472386
Norne,residual_125k,P1_K5_22,600000.0,0.5637189274353471,0.5632953226759051
Norne,residual_125k,P1_K5_22,700000.0,0.6425541579607877,0.6472600294559101
Norne,residual_125k,P1_K5_22,800000.0,0.7068786539395743,0.7166592236765514
Norne,residual_125k,P1_K5_22,900000.0,0.7609642646767786,0.7751084649828345
Norne,residual_125k,P1_K5_22,1000000.0,0.8048009234653059,0.8185996268110634
Norne,residual_125k,P2_K1_3,0.0,0.0,0.0
Norne,residual_125k,P2_K1_3,100000.0,0.0,1.5593131595180048e-09
Norne,residual_125k,P2_K1_3,200000.0,0.08044213856944914,0.07807109251919059
Norne,residual_125k,P2_K1_3,300000.0,0.3502236687328528,0.34578071307735075
Norne,residual_125k,P2_K1_3,400000.0,0.5670567871668988,0.564154265834183
Norne,residual_125k,P2_K1_3,500000.0,0.7370623065965433,0.7423806926896604
Norne,residual_125k,P2_K1_3,600000.0,0.8694835779702361,0.8832946157848744
Norne,residual_125k,P2_K1_3,700000.0,0.9243223417044837,0.9361236144218903
Norne,residual_125k,P2_K1_3,800000.0,0.9590441929130172,0.9667172752602484
Norne,residual_125k,P2_K1_3,900000.0,0.981094306028757,0.9721183738243402
Norne,residual_125k,P2_K1_3,1000000.0,0.9894419806344804,0.9720972404364859
Norne,residual_125k,P2_K5_22,0.0,0.0,0.0
Norne,residual_125k,P2_K5_22,100000.0,1.1685423360434273e-11,8.356762920050941e-10
Norne,residual_125k,P2_K5_22,200000.0,0.11947374276983312,0.11588503626307764
Norne,residual_125k,P2_K5_22,300000.0,0.3587629172476358,0.35310039799906207
Norne,residual_125k,P2_K5_22,400000.0,0.5477411794161929,0.5408516804118131
Norne,residual_125k,P2_K5_22,500000.0,0.6959654876853628,0.6927651947606064
Norne,residual_125k,P2_K5_22,600000.0,0.7904259886189309,0.7887923722509727
Norne,residual_125k,P2_K5_22,700000.0,0.8412534210270252,0.8356825232175554
Norne,residual_125k,P2_K5_22,800000.0,0.876263792378254,0.8678250875402903
Norne,residual_125k,P2_K5_22,900000.0,0.9030358312832376,0.8919079110940841
Norne,residual_125k,P2_K5_22,1000000.0,0.9238708622921357,0.9090227076045546
Norne,residual_125k,P3_K2_3,0.0,0.0,0.0
Norne,residual_125k,P3_K2_3,100000.0,0.0,5.434108208472544e-12
Norne,residual_125k,P3_K2_3,200000.0,0.0,0.0
Norne,residual_125k,P3_K2_3,300000.0,0.0,3.2254253813005065e-14
Norne,residual_125k,P3_K2_3,400000.0,0.0,1.290962867435456e-13
Norne,residual_125k,P3_K2_3,500000.0,0.0,2.90644964824622e-13
Norne,residual_125k,P3_K2_3,600000.0,0.0,5.17019099471363e-13
Norne,residual_125k,P3_K2_3,700000.0,0.0,8.083374465431242e-13
Norne,residual_125k,P3_K2_3,800000.0,4.6303662075722407e-20,1.1647187072856725e-12
Norne,residual_125k,P3_K2_3,900000.0,0.00023479063397188014,0.00021778206146033167
Norne,residual_125k,P3_K2_3,1000000.0,0.018323644730724606,0.018043986777754078
Norne,residual_125k,P3_K5_8,0.0,0.0,0.0
Norne,residual_125k,P3_K5_8,100000.0,0.0,6.058207237013506e-10
Norne,residual_125k,P3_K5_8,200000.0,0.0,2.3392862446491954e-09
Norne,residual_125k,P3_K5_8,300000.0,2.395848209630233e-05,1.5814178038357767e-05
Norne,residual_125k,P3_K5_8,400000.0,0.02091481143844319,0.0196990354586063
Norne,residual_125k,P3_K5_8,500000.0,0.11397839785197782,0.11126406117008295
Norne,residual_125k,P3_K5_8,600000.0,0.24256231376859527,0.24051513388264545
Norne,residual_125k,P3_K5_8,700000.0,0.36466170899217004,0.3652971853054043
Norne,residual_125k,P3_K5_8,800000.0,0.4701664294971667,0.47465560952339986
Norne,residual_125k,P3_K5_8,900000.0,0.5623391390103141,0.5714743992250739
Norne,residual_125k,P3_K5_8,1000000.0,0.6478020065740179,0.6620272821612866
Norne,residual_125k,P3_K12_18,0.0,0.0,0.0
Norne,residual_125k,P3_K12_18,100000.0,0.0,9.927176921157337e-10
Norne,residual_125k,P3_K12_18,200000.0,0.0,1.9561587365528466e-09
Norne,residual_125k,P3_K12_18,300000.0,9.240294065385294e-06,6.3363913145191495e-06
Norne,residual_125k,P3_K12_18,400000.0,0.014580030793953806,0.01365272513896228
Norne,residual_125k,P3_K12_18,500000.0,0.09225747869702183,0.08982469018203063
Norne,residual_125k,P3_K12_18,600000.0,0.21243347523575057,0.2103504660735853
Norne,residual_125k,P3_K12_18,700000.0,0.3341622091724626,0.33448304084320996
Norne,residual_125k,P3_K12_18,800000.0,0.44136272317718495,0.44526799558211794
Norne,residual_125k,P3_K12_18,900000.0,0.5336988091204506,0.5419498776857219
Norne,residual_125k,P3_K12_18,1000000.0,0.6162448774771555,0.6289566009680008
Norne,residual_125k,P3_K22_22,0.0,0.0,0.0
Norne,residual_125k,P3_K22_22,100000.0,0.0,6.713147302118058e-10
Norne,residual_125k,P3_K22_22,200000.0,0.0,2.832929330039292e-09
Norne,residual_125k,P3_K22_22,300000.0,7.279309229834252e-48,4.581174674663141e-09
Norne,residual_125k,P3_K22_22,400000.0,0.004978743683508899,0.004594663503618722
Norne,residual_125k,P3_K22_22,500000.0,0.048283427547163874,0.04668783173061171
Norne,residual_125k,P3_K22_22,600000.0,0.13835596315836218,0.13652013984903838
Norne,residual_125k,P3_K22_22,700000.0,0.24531791334977798,0.24492254131230473
Norne,residual_125k,P3_K22_22,800000.0,0.3486257538735584,0.3507152445157956
Norne,residual_125k,P3_K22_22,900000.0,0.4406714351895306,0.4458741067995576
Norne,residual_125k,P3_K22_22,1000000.0,0.5214179218407532,0.5296997157973824
Norne,residual_125k,P4_K1_3,0.0,0.0,0.0
Norne,residual_125k,P4_K1_3,100000.0,0.0,7.480746992079004e-10
Norne,residual_125k,P4_K1_3,200000.0,0.0,8.453240796882313e-10
Norne,residual_125k,P4_K1_3,300000.0,0.0,9.200667894423788e-10
Norne,residual_125k,P4_K1_3,400000.0,0.0,1.0008232323402192e-09
Norne,residual_125k,P4_K1_3,500000.0,0.0,1.0896993702190485e-09
Norne,residual_125k,P4_K1_3,600000.0,0.0,1.1885816051858086e-09
Norne,residual_125k,P4_K1_3,700000.0,0.0,1.2991585772395113e-09
Norne,residual_125k,P4_K1_3,800000.0,0.0,1.4229397878937092e-09
Norne,residual_125k,P4_K1_3,900000.0,0.0,1.5612683060370272e-09
Norne,residual_125k,P4_K1_3,1000000.0,0.0,1.7153274715643505e-09
Norne,residual_125k,P4_K5_8,0.0,0.0,0.0
Norne,residual_125k,P4_K5_8,100000.0,0.0,4.0613888278924893e-11
Norne,residual_125k,P4_K5_8,200000.0,0.0,4.906082927630714e-10
Norne,residual_125k,P4_K5_8,300000.0,0.0,9.5208646464127e-10
Norne,residual_125k,P4_K5_8,400000.0,0.0,1.5520998387209593e-09
Norne,residual_125k,P4_K5_8,500000.0,0.0,2.2773141235049946e-09
Norne,residual_125k,P4_K5_8,600000.0,9.092258639569183e-103,3.1158825999038558e-09
Norne,residual_125k,P4_K5_8,700000.0,1.4701148684332004e-05,9.04461896834807e-06
Norne,residual_125k,P4_K5_8,800000.0,0.018319940618824346,0.017527378337261538
Norne,residual_125k,P4_K5_8,900000.0,0.10684398998021381,0.10568099969676217
Norne,residual_125k,P4_K5_8,1000000.0,0.2298409911969906,0.2299822563578007
Norne,residual_125k,P4_K10_18,0.0,0.0,0.0
Norne,residual_125k,P4_K10_18,100000.0,0.0,4.2679910606143274e-10
Norne,residual_125k,P4_K10_18,200000.0,0.0,8.031958537865604e-10
Norne,residual_125k,P4_K10_18,300000.0,0.0,1.0997011511335873e-09
Norne,residual_125k,P4_K10_18,400000.0,0.0,1.44029648372676e-09
Norne,residual_125k,P4_K10_18,500000.0,1.0217123122711664e-05,8.329741557349764e-06
Norne,residual_125k,P4_K10_18,600000.0,0.001328768605342641,0.0012334715743871811
Norne,residual_125k,P4_K10_18,700000.0,0.012985557890727323,0.01248234130477982
Norne,residual_125k,P4_K10_18,800000.0,0.05250004419696185,0.05134364350696166
Norne,residual_125k,P4_K10_18,900000.0,0.12756835703560215,0.12627303809847873
Norne,residual_125k,P4_K10_18,1000000.0,0.22023557648814748,0.22009445163720298
Norne,residual_125k,P4_K20_22,0.0,0.0,0.0
Norne,residual_125k,P4_K20_22,100000.0,0.0,3.2229704938248233e-10
Norne,residual_125k,P4_K20_22,200000.0,0.0,1.0010624635274146e-09
Norne,residual_125k,P4_K20_22,300000.0,0.0,1.5329884863172374e-09
Norne,residual_125k,P4_K20_22,400000.0,0.0,2.1692685946286753e-09
Norne,residual_125k,P4_K20_22,500000.0,4.4583829442385546e-10,3.5781898874607852e-09
Norne,residual_125k,P4_K20_22,600000.0,0.0005749000616596538,0.0005284633708471857
Norne,residual_125k,P4_K20_22,700000.0,0.005287067358942575,0.005093992092627868
Norne,residual_125k,P4_K20_22,800000.0,0.01703076123586251,0.016618890159232763
Norne,residual_125k,P4_K20_22,900000.0,0.03754723557503838,0.03692613575630877
Norne,residual_125k,P4_K20_22,1000000.0,0.0668251884578568,0.0662600482244766
Norne,residual_125k,FIELD_TOTAL,0.0,0.0,0.0
Norne,residual_125k,FIELD_TOTAL,100000.0,4.512487686756419e-12,7.806702405749363e-10
Norne,residual_125k,FIELD_TOTAL,200000.0,0.05871190267205102,0.0567865206002322
Norne,residual_125k,FIELD_TOTAL,300000.0,0.2188568544654626,0.2150778432929732
Norne,residual_125k,FIELD_TOTAL,400000.0,0.36673766627651666,0.36199454960891236
Norne,residual_125k,FIELD_TOTAL,500000.0,0.4888605851465585,0.48615093856334995
Norne,residual_125k,FIELD_TOTAL,600000.0,0.580290733938018,0.58017973815647
Norne,residual_125k,FIELD_TOTAL,700000.0,0.6430607443634749,0.6433530352584009
Norne,residual_125k,FIELD_TOTAL,800000.0,0.6942627055934374,0.6956381994334477
Norne,residual_125k,FIELD_TOTAL,900000.0,0.7392009538864748,0.7410151748496857
Norne,residual_125k,FIELD_TOTAL,1000000.0,0.7773052821669986,0.7769511309283809
Norne,residual_continued_best,P1_K1_3,0.0,0.0,0.0
Norne,residual_continued_best,P1_K1_3,100000.0,0.0,8.183001502225602e-10
Norne,residual_continued_best,P1_K1_3,200000.0,7.557615270158113e-12,2.8348610466369804e-09
Norne,residual_continued_best,P1_K1_3,300000.0,0.040800238999415026,0.039021553800916334
Norne,residual_continued_best,P1_K1_3,400000.0,0.18936373654587582,0.18393126399251747
Norne,residual_continued_best,P1_K1_3,500000.0,0.3516796697761458,0.34400191364875726
Norne,residual_continued_best,P1_K1_3,600000.0,0.4770768225665313,0.46780290047076417
Norne,residual_continued_best,P1_K1_3,700000.0,0.5740265832882228,0.5627971253019773
Norne,residual_continued_best,P1_K1_3,800000.0,0.6579256404624236,0.6439736393262444
Norne,residual_continued_best,P1_K1_3,900000.0,0.7383424954338137,0.7273488464903235
Norne,residual_continued_best,P1_K1_3,1000000.0,0.80213099956614,0.801323658669606
Norne,residual_continued_best,P1_K5_22,0.0,0.0,0.0
Norne,residual_continued_best,P1_K5_22,100000.0,0.0,9.552638539458147e-10
Norne,residual_continued_best,P1_K5_22,200000.0,0.022692740031074767,0.021709476420695494
Norne,residual_continued_best,P1_K5_22,300000.0,0.1699592444445599,0.16580501008272427
Norne,residual_continued_best,P1_K5_22,400000.0,0.33281018693040004,0.3263614119369413
Norne,residual_continued_best,P1_K5_22,500000.0,0.462597820678511,0.45562899485840125
Norne,residual_continued_best,P1_K5_22,600000.0,0.5637189274353471,0.5585193683883775
Norne,residual_continued_best,P1_K5_22,700000.0,0.6425541579607877,0.6376857609268359
Norne,residual_continued_best,P1_K5_22,800000.0,0.7068786539395743,0.7034587725144027
Norne,residual_continued_best,P1_K5_22,900000.0,0.7609642646767786,0.7628898709462151
Norne,residual_continued_best,P1_K5_22,1000000.0,0.8048009234653059,0.8070824825303151
Norne,residual_continued_best,P2_K1_3,0.0,0.0,0.0
Norne,residual_continued_best,P2_K1_3,100000.0,0.0,1.172962398078904e-09
Norne,residual_continued_best,P2_K1_3,200000.0,0.08044213856944914,0.07806143533700641
Norne,residual_continued_best,P2_K1_3,300000.0,0.3502236687328528,0.3460865631232504
Norne,residual_continued_best,P2_K1_3,400000.0,0.5670567871668988,0.5628317927363272
Norne,residual_continued_best,P2_K1_3,500000.0,0.7370623065965433,0.7315955008007985
Norne,residual_continued_best,P2_K1_3,600000.0,0.8694835779702361,0.8638579979008775
Norne,residual_continued_best,P2_K1_3,700000.0,0.9243223417044837,0.9413053668152395
Norne,residual_continued_best,P2_K1_3,800000.0,0.9590441929130172,0.9948698535242102
Norne,residual_continued_best,P2_K1_3,900000.0,0.981094306028757,0.998490303980174
Norne,residual_continued_best,P2_K1_3,1000000.0,0.9894419806344804,0.9992811983639464
Norne,residual_continued_best,P2_K5_22,0.0,0.0,0.0
Norne,residual_continued_best,P2_K5_22,100000.0,1.1685423360434273e-11,9.069444022179354e-10
Norne,residual_continued_best,P2_K5_22,200000.0,0.11947374276983312,0.1171067345215641
Norne,residual_continued_best,P2_K5_22,300000.0,0.3587629172476358,0.3555865840046057
Norne,residual_continued_best,P2_K5_22,400000.0,0.5477411794161929,0.5442883467814825
Norne,residual_continued_best,P2_K5_22,500000.0,0.6959654876853628,0.6939574119989007
Norne,residual_continued_best,P2_K5_22,600000.0,0.7904259886189309,0.8032623807330924
Norne,residual_continued_best,P2_K5_22,700000.0,0.8412534210270252,0.8507747787363691
Norne,residual_continued_best,P2_K5_22,800000.0,0.876263792378254,0.8814564176539279
Norne,residual_continued_best,P2_K5_22,900000.0,0.9030358312832376,0.9099031304408476
Norne,residual_continued_best,P2_K5_22,1000000.0,0.9238708622921357,0.9362816260473972
Norne,residual_continued_best,P3_K2_3,0.0,0.0,0.0
Norne,residual_continued_best,P3_K2_3,100000.0,0.0,0.0
Norne,residual_continued_best,P3_K2_3,200000.0,0.0,2.327560521705631e-11
Norne,residual_continued_best,P3_K2_3,300000.0,0.0,1.0589311221881861e-10
Norne,residual_continued_best,P3_K2_3,400000.0,0.0,2.448903237325654e-10
Norne,residual_continued_best,P3_K2_3,500000.0,0.0,4.3698070849285886e-10
Norne,residual_continued_best,P3_K2_3,600000.0,0.0,6.791071930614863e-10
Norne,residual_continued_best,P3_K2_3,700000.0,0.0,9.684291522212257e-10
Norne,residual_continued_best,P3_K2_3,800000.0,4.6303662075722407e-20,1.3024312837589012e-09
Norne,residual_continued_best,P3_K2_3,900000.0,0.00023479063397188014,0.00014207205512664303
Norne,residual_continued_best,P3_K2_3,1000000.0,0.018323644730724606,0.015644495239639657
Norne,residual_continued_best,P3_K5_8,0.0,0.0,0.0
Norne,residual_continued_best,P3_K5_8,100000.0,0.0,1.0120430999042533e-09
Norne,residual_continued_best,P3_K5_8,200000.0,0.0,2.729863391798961e-09
Norne,residual_continued_best,P3_K5_8,300000.0,2.395848209630233e-05,1.526842228382763e-05
Norne,residual_continued_best,P3_K5_8,400000.0,0.02091481143844319,0.019264792621494404
Norne,residual_continued_best,P3_K5_8,500000.0,0.11397839785197782,0.10891188793409907
Norne,residual_continued_best,P3_K5_8,600000.0,0.24256231376859527,0.23538246796619647
Norne,residual_continued_best,P3_K5_8,700000.0,0.36466170899217004,0.3567769313338866
Norne,residual_continued_best,P3_K5_8,800000.0,0.4701664294971667,0.4617982062045
Norne,residual_continued_best,P3_K5_8,900000.0,0.5623391390103141,0.5534334679312085
Norne,residual_continued_best,P3_K5_8,1000000.0,0.6478020065740179,0.6384239605756773
Norne,residual_continued_best,P3_K12_18,0.0,0.0,0.0
Norne,residual_continued_best,P3_K12_18,100000.0,0.0,1.1128082720366617e-09
Norne,residual_continued_best,P3_K12_18,200000.0,0.0,2.515662734463319e-09
Norne,residual_continued_best,P3_K12_18,300000.0,9.240294065385294e-06,6.16340944842872e-06
Norne,residual_continued_best,P3_K12_18,400000.0,0.014580030793953806,0.013341252521459766
Norne,residual_continued_best,P3_K12_18,500000.0,0.09225747869702183,0.08788526745876699
Norne,residual_continued_best,P3_K12_18,600000.0,0.21243347523575057,0.20575755672873353
Norne,residual_continued_best,P3_K12_18,700000.0,0.3341622091724626,0.3266601732088774
Norne,residual_continued_best,P3_K12_18,800000.0,0.44136272317718495,0.4334969599076974
Norne,residual_continued_best,P3_K12_18,900000.0,0.5336988091204506,0.5257261662434871
Norne,residual_continued_best,P3_K12_18,1000000.0,0.6162448774771555,0.6085679687139037
Norne,residual_continued_best,P3_K22_22,0.0,0.0,0.0
Norne,residual_continued_best,P3_K22_22,100000.0,0.0,1.1012463635762643e-09
Norne,residual_continued_best,P3_K22_22,200000.0,0.0,3.119544184135927e-09
Norne,residual_continued_best,P3_K22_22,300000.0,7.279309229834252e-48,4.3125186123105675e-09
Norne,residual_continued_best,P3_K22_22,400000.0,0.004978743683508899,0.004470679012643359
Norne,residual_continued_best,P3_K22_22,500000.0,0.048283427547163874,0.0455403760747439
Norne,residual_continued_best,P3_K22_22,600000.0,0.13835596315836218,0.13323129266835912
Norne,residual_continued_best,P3_K22_22,700000.0,0.24531791334977798,0.2389544929720284
Norne,residual_continued_best,P3_K22_22,800000.0,0.3486257538735584,0.34171630510155937
Norne,residual_continued_best,P3_K22_22,900000.0,0.4406714351895306,0.4337854225596259
Norne,residual_continued_best,P3_K22_22,1000000.0,0.5214179218407532,0.5150774731817575
Norne,residual_continued_best,P4_K1_3,0.0,0.0,0.0
Norne,residual_continued_best,P4_K1_3,100000.0,0.0,1.1629353389055472e-09
Norne,residual_continued_best,P4_K1_3,200000.0,0.0,1.8167818255477863e-09
Norne,residual_continued_best,P4_K1_3,300000.0,0.0,1.7711854426288068e-09
Norne,residual_continued_best,P4_K1_3,400000.0,0.0,1.7491687824896151e-09
Norne,residual_continued_best,P4_K1_3,500000.0,0.0,1.7511401635263912e-09
Norne,residual_continued_best,P4_K1_3,600000.0,0.0,1.7773797244358343e-09
Norne,residual_continued_best,P4_K1_3,700000.0,0.0,1.8281730326417613e-09
Norne,residual_continued_best,P4_K1_3,800000.0,0.0,1.903879418834468e-09
Norne,residual_continued_best,P4_K1_3,900000.0,0.0,2.004951922617726e-09
Norne,residual_continued_best,P4_K1_3,1000000.0,0.0,2.131923697744418e-09
Norne,residual_continued_best,P4_K5_8,0.0,0.0,0.0
Norne,residual_continued_best,P4_K5_8,100000.0,0.0,1.4645904142327572e-10
Norne,residual_continued_best,P4_K5_8,200000.0,0.0,6.857632495400797e-10
Norne,residual_continued_best,P4_K5_8,300000.0,0.0,1.2847084636200658e-09
Norne,residual_continued_best,P4_K5_8,400000.0,0.0,2.0696766629494587e-09
Norne,residual_continued_best,P4_K5_8,500000.0,0.0,3.0220053520486333e-09
Norne,residual_continued_best,P4_K5_8,600000.0,9.092258639569183e-103,4.125064934024986e-09
Norne,residual_continued_best,P4_K5_8,700000.0,1.4701148684332004e-05,3.771158096965209e-06
Norne,residual_continued_best,P4_K5_8,800000.0,0.018319940618824346,0.015633404992500426
Norne,residual_continued_best,P4_K5_8,900000.0,0.10684398998021381,0.09984893863109168
Norne,residual_continued_best,P4_K5_8,1000000.0,0.2298409911969906,0.2211360638385202
Norne,residual_continued_best,P4_K10_18,0.0,0.0,0.0
Norne,residual_continued_best,P4_K10_18,100000.0,0.0,8.058443455508322e-10
Norne,residual_continued_best,P4_K10_18,200000.0,0.0,1.8374438990527444e-09
Norne,residual_continued_best,P4_K10_18,300000.0,0.0,2.278994810626466e-09
Norne,residual_continued_best,P4_K10_18,400000.0,0.0,2.789171572643021e-09
Norne,residual_continued_best,P4_K10_18,500000.0,1.0217123122711664e-05,7.376362949419458e-06
Norne,residual_continued_best,P4_K10_18,600000.0,0.001328768605342641,0.0011796828879701371
Norne,residual_continued_best,P4_K10_18,700000.0,0.012985557890727323,0.012000056217033536
Norne,residual_continued_best,P4_K10_18,800000.0,0.05250004419696185,0.0494278809280989
Norne,residual_continued_best,P4_K10_18,900000.0,0.12756835703560215,0.12224187641471708
Norne,residual_continued_best,P4_K10_18,1000000.0,0.22023557648814748,0.21325619018315614
Norne,residual_continued_best,P4_K20_22,0.0,0.0,0.0
Norne,residual_continued_best,P4_K20_22,100000.0,0.0,7.310441517382746e-10
Norne,residual_continued_best,P4_K20_22,200000.0,0.0,2.0105313746428095e-09
Norne,residual_continued_best,P4_K20_22,300000.0,0.0,2.796782898915306e-09
Norne,residual_continued_best,P4_K20_22,400000.0,0.0,3.722421100854844e-09
Norne,residual_continued_best,P4_K20_22,500000.0,4.4583829442385546e-10,5.166160101499787e-09
Norne,residual_continued_best,P4_K20_22,600000.0,0.0005749000616596538,0.0005038283485900252
Norne,residual_continued_best,P4_K20_22,700000.0,0.005287067358942575,0.004956681635669325
Norne,residual_continued_best,P4_K20_22,800000.0,0.01703076123586251,0.016224696875514005
Norne,residual_continued_best,P4_K20_22,900000.0,0.03754723557503838,0.036027018831897885
Norne,residual_continued_best,P4_K20_22,1000000.0,0.0668251884578568,0.06433606072955547
Norne,residual_continued_best,FIELD_TOTAL,0.0,0.0,0.0
Norne,residual_continued_best,FIELD_TOTAL,100000.0,4.512487686756419e-12,9.375907455648998e-10
Norne,residual_continued_best,FIELD_TOTAL,200000.0,0.05871190267205102,0.05732150473865368
Norne,residual_continued_best,FIELD_TOTAL,300000.0,0.2188568544654626,0.21590742607190047
Norne,residual_continued_best,FIELD_TOTAL,400000.0,0.36673766627651666,0.3626988978023699
Norne,residual_continued_best,FIELD_TOTAL,500000.0,0.4888605851465585,0.48484509183244806
Norne,residual_continued_best,FIELD_TOTAL,600000.0,0.580290733938018,0.5823289240085814
Norne,residual_continued_best,FIELD_TOTAL,700000.0,0.6430607443634749,0.6451082144737849
Norne,residual_continued_best,FIELD_TOTAL,800000.0,0.6942627055934374,0.6960086584075578
Norne,residual_continued_best,FIELD_TOTAL,900000.0,0.7392009538864748,0.7422215204883398
Norne,residual_continued_best,FIELD_TOTAL,1000000.0,0.7773052821669986,0.782470416780636
