model,deficit_lower,deficit_upper,deficit_median,count,prediction_rmse,prediction_mse,absolute_error_q99,maximum_error,residual_rmse,residual_max,capped_residual_rmse
mse,1e-10,3.1622776601683795e-10,1.8001700130554354e-10,4979,0.00018374300214008213,3.3761490835450226e-08,0.00019419943934451567,0.0001965547419402469,2.0407393199167623e-08,2.215400540794832e-08,4.534976266481694e-09
mse,3.1622776601683795e-10,1e-09,5.653859602716693e-10,4908,0.00016970729532241112,2.8800566085648062e-08,0.00018294167691598862,0.00018611298697379652,2.0158587317719345e-08,2.2023934342918494e-08,4.479686070604299e-09
mse,1e-09,3.1622776601683795e-09,1.7637290516958615e-09,4980,0.0001465038762207014,2.14633857476906e-08,0.00016450996262538987,0.00016785795101448286,1.946792119366603e-08,2.1638535407930704e-08,4.3262047097035615e-09
mse,3.1622776601683795e-09,1e-08,5.678840619971481e-09,5133,0.00010798960537816101,1.1661754869730942e-08,0.00013285351656762147,0.0001373530090464925,1.7203277351080007e-08,2.0457606386692362e-08,3.822950522462224e-09
mse,1e-08,3.162277660168379e-08,1.7580567890362886e-08,355,5.478236522167455e-05,3.0011075392809373e-09,8.363461079234469e-05,8.688241323540069e-05,1.1158293646814507e-08,1.6180427997447566e-08,2.479620810403224e-09
mse,3.162277660168379e-08,1e-07,5.624131427239831e-08,395,2.3116460320329763e-05,5.343707377413804e-10,4.6179268615782476e-05,5.135963793634346e-05,8.661493909874145e-09,1.951428663105048e-08,1.924776424416477e-09
mse,1e-07,3.162277660168379e-07,1.6757689202950843e-07,373,4.807294897877139e-05,2.311008423515557e-09,5.9696701739242465e-05,6.932106630941348e-05,2.7250588710516844e-08,4.382438245631448e-08,6.055686380114855e-09
mse,3.162277660168379e-07,1e-06,5.865950366001904e-07,362,2.751240638783422e-05,7.569325052493412e-10,4.6310378157752286e-05,4.945842897186026e-05,3.407977895159491e-08,6.938216678964437e-08,7.573284211465536e-09
mse,1e-06,3.162277660168379e-06,1.680231441869573e-06,417,2.9830367560666766e-05,8.898508288044802e-10,4.620393281342671e-05,4.882420833585144e-05,5.551464020428991e-08,9.903207021100258e-08,1.2336586712064425e-08
mse,3.162277660168379e-06,1e-05,5.475771237439808e-06,387,2.0703383493558383e-05,4.286300880813457e-10,3.437154928370489e-05,3.714423151102153e-05,6.800800448039731e-08,1.1703463398404779e-07,1.5112889884532732e-08
mse,1e-05,3.1622776601683795e-05,1.7841830631915023e-05,371,1.5988911905349653e-05,2.556453039170319e-10,2.6702582163373734e-05,2.794778364723083e-05,9.248804802010272e-08,2.1461352961438251e-07,2.0552899560022824e-08
mse,3.1622776601683795e-05,0.0001,5.622764280233117e-05,362,8.983540514948172e-06,8.070400018371526e-11,1.6350705050562903e-05,2.01960408444668e-05,9.44187979019708e-08,1.9109811044693004e-07,2.098195508932684e-08
mse,0.0001,0.00031622776601683794,0.00017371794170117916,361,5.58414845618458e-06,3.118271398070863e-11,1.0227283998798239e-05,1.1027093683058098e-05,1.0012352627781464e-07,1.9984940669015572e-07,2.224967250618102e-08
mse,0.00031622776601683794,0.001,0.0005575860395878873,373,2.920185595286506e-06,8.527483910918804e-12,6.277317330258822e-06,6.5617909523751905e-06,9.71654082067708e-08,2.6483952031419733e-07,2.1592312934837947e-08
mse,0.001,0.0031622776601683794,0.0017687156880324961,374,2.637171155147722e-06,6.9546717015431705e-12,6.859183145433426e-06,9.206126559746508e-06,1.5719737578699923e-07,6.252396388406467e-07,3.493275017488866e-08
mse,0.0031622776601683794,0.01,0.005661078524180407,420,2.3405226784498954e-06,5.478046408338273e-12,6.249399436182302e-06,8.23424335588685e-06,2.473478109851789e-07,9.716578063256875e-07,5.496618021892841e-08
mse,0.01,0.03162277660168379,0.017846578982297467,466,1.935244383792356e-06,3.745170824999856e-12,4.950462751329711e-06,5.669183191614469e-06,3.4780537700539555e-07,1.1280902705301799e-06,7.72900837789763e-08
mse,0.03162277660168379,0.1,0.060401995552914034,590,1.416091511861693e-06,2.005315169966736e-12,4.016761053506902e-06,1.0362474789360476e-05,4.2593187279665314e-07,2.43898598806247e-06,9.465152728814367e-08
mse,0.1,0.31622776601683794,0.20663173307118948,758,1.435464908117955e-06,2.060559502438089e-12,4.854814206911579e-06,7.125754086345637e-06,7.560443362391159e-07,4.186200206590662e-06,1.6800985249756912e-07
mse,0.31622776601683794,1.0,0.9994832279117276,13636,9.000808693781677e-07,8.101455714205582e-13,2.577522264290976e-06,4.984254621476225e-06,8.556366994130105e-07,4.656955860313228e-06,1.9014148875843704e-07
lambda_0p01,1e-10,3.1622776601683795e-10,1.8001700130554354e-10,4979,0.00018359727175653324,3.370795819644232e-08,0.00019653335146458062,0.0001995446700444603,2.0380644514833826e-08,2.274333388285754e-08,4.5290321144075174e-09
lambda_0p01,3.1622776601683795e-10,1e-09,5.653859602716693e-10,4908,0.00016957446939825846,2.8755500671700898e-08,0.0001847915326971084,0.00018847678748912244,2.0134837266155833e-08,2.2602126281690005e-08,4.474408281367962e-09
lambda_0p01,1e-09,3.1622776601683795e-09,1.7637290516958615e-09,4980,0.00014635460066985968,2.1419669137234094e-08,0.0001660119337040733,0.00017007860907725103,1.943991599081954e-08,2.2199700189240446e-08,4.319981331293231e-09
lambda_0p01,3.1622776601683795e-09,1e-08,5.678840619971481e-09,5133,0.00010788392784347498,1.1638941886936115e-08,0.00013299768015359703,0.0001405437398407372,1.718330300473432e-08,2.106478236285625e-08,3.818511778829849e-09
lambda_0p01,1e-08,3.162277660168379e-08,1.7580567890362886e-08,355,5.46240022804937e-05,2.9837816251393815e-09,8.37706306677166e-05,8.613004665258828e-05,1.1125347454695212e-08,1.636763291568144e-08,2.4722994343767135e-09
lambda_0p01,3.162277660168379e-08,1e-07,5.624131427239831e-08,395,2.3089486708598105e-05,5.331243964665286e-10,4.615508876136154e-05,5.4035050615297564e-05,8.646675023620253e-09,1.980994401851177e-08,1.9214833385822785e-09
lambda_0p01,1e-07,3.162277660168379e-07,1.6757689202950843e-07,373,4.769249778365665e-05,2.274574344844095e-09,5.972572386030438e-05,6.780597012578937e-05,2.7015223980008364e-08,4.239644091352801e-08,6.0033831066685255e-09
lambda_0p01,3.162277660168379e-07,1e-06,5.865950366001904e-07,362,2.7650729658799223e-05,7.645628506639989e-10,4.642884939915603e-05,4.785714218336068e-05,3.4329490274508846e-08,6.709755817624341e-08,7.62877561655752e-09
lambda_0p01,1e-06,3.162277660168379e-06,1.680231441869573e-06,417,2.9666569597938074e-05,8.801053517093035e-10,4.548425193064531e-05,4.8840189850629656e-05,5.5489920366585513e-08,9.510058074368999e-08,1.2331093414796779e-08
lambda_0p01,3.162277660168379e-06,1e-05,5.475771237439808e-06,387,2.0801525915111854e-05,4.3270348039707e-10,3.359056617925793e-05,3.447491265795577e-05,6.987159969921428e-08,1.275427641278526e-07,1.552702215538095e-08
lambda_0p01,1e-05,3.1622776601683795e-05,1.7841830631915023e-05,371,1.638459977522103e-05,2.6845510979417296e-10,2.8935383622830103e-05,2.9887022961361254e-05,9.471845984328692e-08,1.6324585727645058e-07,2.104854663184153e-08
lambda_0p01,3.1622776601683795e-05,0.0001,5.622764280233117e-05,362,1.0347572653556694e-05,1.0707225982063432e-10,1.8566416819840722e-05,2.0694402728338446e-05,1.0767145104120819e-07,2.1336229916180116e-07,2.3926989120268477e-08
lambda_0p01,0.0001,0.00031622776601683794,0.00017371794170117916,361,5.722695040221706e-06,3.2749238523378114e-11,1.3433005146623599e-05,2.0463474653453773e-05,1.0311621303560622e-07,3.489837806514018e-07,2.2914714007912487e-08
lambda_0p01,0.00031622776601683794,0.001,0.0005575860395878873,373,3.671673214631436e-06,1.3481184195041943e-11,8.408366070828952e-06,8.8924284415981e-06,1.2155834566563816e-07,3.216117117066375e-07,2.7012965703475127e-08
lambda_0p01,0.001,0.0031622776601683794,0.0017687156880324961,374,2.614624939804054e-06,6.836263575845352e-12,6.381371465433715e-06,7.904329489605288e-06,1.5316251626223457e-07,4.063920150398914e-07,3.403611472494098e-08
lambda_0p01,0.0031622776601683794,0.01,0.005661078524180407,420,2.1836005173520127e-06,4.768111219379977e-12,5.38773024631567e-06,8.312184604619688e-06,2.2901757435675014e-07,1.013085620948928e-06,5.089279430149989e-08
lambda_0p01,0.01,0.03162277660168379,0.017846578982297467,466,1.8106866435622876e-06,3.2785861211748626e-12,5.279852177419999e-06,6.341496138873026e-06,3.2176514372102797e-07,1.041272304269647e-06,7.150336527133916e-08
lambda_0p01,0.03162277660168379,0.1,0.060401995552914034,590,1.948142324202017e-06,3.795258515347237e-12,5.607914080290047e-06,1.2903009098508278e-05,6.34480380596396e-07,4.9194014209996695e-06,1.4099564013252274e-07
lambda_0p01,0.1,0.31622776601683794,0.20663173307118948,758,2.0645753108614407e-06,4.262471214218615e-12,5.956431866742658e-06,1.4063711118339484e-05,1.051430019458816e-06,6.372454309899744e-06,2.3365111543526127e-07
lambda_0p01,0.31622776601683794,1.0,0.9994832279117276,13636,1.087345498711519e-06,1.1823202335682016e-12,3.3992329558030218e-06,7.254500444808798e-06,1.035411111307086e-06,7.254497952642845e-06,2.3009135806822032e-07
lambda_0p1,1e-10,3.1622776601683795e-10,1.8001700130554354e-10,4979,0.0001517538419133841,2.302922853547238e-08,0.00016035035792231868,0.00016248169580634908,1.4421924161296602e-08,1.5524082686013685e-08,3.2048720358436895e-09
lambda_0p1,3.1622776601683795e-10,1e-09,5.653859602716693e-10,4908,0.00013795387934700318,1.903127282688751e-08,0.0001493117051230186,0.00015205811940788294,1.4187451314006427e-08,1.540271343802857e-08,3.1527669586680946e-09
lambda_0p1,1e-09,3.1622776601683795e-09,1.7637290516958615e-09,4980,0.00011546638312198169,1.3332485631272257e-08,0.00013124950230972488,0.000134024701713642,1.3528553769084345e-08,1.5036882183849798e-08,3.006345282018743e-09
lambda_0p1,3.1622776601683795e-09,1e-08,5.678840619971481e-09,5133,7.936183134267458e-05,6.298300274063125e-09,0.00010083522260913469,0.00010462935967048281,1.1437929172313678e-08,1.3872035076190059e-08,2.5417620382919284e-09
lambda_0p1,1e-08,3.162277660168379e-08,1.7580567890362886e-08,355,3.305347784479634e-05,1.0925323976364427e-09,5.6174978165106627e-05,5.6952122775122405e-05,6.18756795468162e-09,9.68545510460217e-09,1.3750151010403601e-09
lambda_0p1,3.162277660168379e-08,1e-07,5.624131427239831e-08,395,2.219878802401524e-05,4.927861897351624e-10,3.611545142408801e-05,4.154822019941662e-05,8.11007233027855e-09,1.5633170091788884e-08,1.802238295617456e-09
lambda_0p1,1e-07,3.162277660168379e-07,1.6757689202950843e-07,373,2.477044475258456e-05,6.135749332408438e-10,3.775493572702344e-05,4.438525274785832e-05,1.2807826635755893e-08,1.912099689693747e-08,2.846183696834643e-09
lambda_0p1,3.162277660168379e-07,1e-06,5.865950366001904e-07,362,2.099416243951693e-05,4.4075485653682343e-10,2.9162475412762844e-05,3.341383439697809e-05,2.3225804210827565e-08,3.7466707958344614e-08,5.161289824628349e-09
lambda_0p1,1e-06,3.162277660168379e-06,1.680231441869573e-06,417,1.534476202999599e-05,2.3546172175720665e-10,2.4994705214922417e-05,2.614585489502108e-05,2.8679196560215056e-08,4.8875544722548625e-08,6.373154791158901e-09
lambda_0p1,3.162277660168379e-06,1e-05,5.475771237439808e-06,387,1.2817171231631936e-05,1.6427987838097333e-10,2.0620864079871042e-05,2.5497658761752806e-05,4.2459855654232474e-08,7.395590206904501e-08,9.435523478718328e-09
lambda_0p1,1e-05,3.1622776601683795e-05,1.7841830631915023e-05,371,9.03637470410245e-06,8.165606779294264e-11,1.534931280238183e-05,1.6263018459028444e-05,5.30294520768949e-08,9.312782212056447e-08,1.1784322683754421e-08
lambda_0p1,3.1622776601683795e-05,0.0001,5.622764280233117e-05,362,6.147936653313057e-06,3.7797125093150155e-11,1.2773577386333555e-05,1.3008608168441071e-05,6.239851561406277e-08,1.2353790135311016e-07,1.3866336803125057e-08
lambda_0p1,0.0001,0.00031622776601683794,0.00017371794170117916,361,3.098207580376556e-06,9.598890211102753e-12,6.413330565102625e-06,9.939162699978965e-06,5.6662330287519194e-08,1.6965083804443282e-07,1.2591628952782041e-08
lambda_0p1,0.00031622776601683794,0.001,0.0005575860395878873,373,2.1119424166353744e-06,4.460300771183665e-12,4.4653101923231015e-06,6.196123427670841e-06,6.838464104231304e-08,2.1471767286396215e-07,1.5196586898291782e-08
lambda_0p1,0.001,0.0031622776601683794,0.0017687156880324961,374,1.5112434442768903e-06,2.2838567478698783e-12,3.844592096728938e-06,4.689575588301409e-06,8.989727500416855e-08,3.556736245524661e-07,1.9977172223148556e-08
lambda_0p1,0.0031622776601683794,0.01,0.005661078524180407,420,1.2780179724384766e-06,1.6333299378757547e-12,5.00628898043587e-06,7.0124671331939226e-06,1.3498803848081854e-07,6.304569049042641e-07,2.999734188462628e-08
lambda_0p1,0.01,0.03162277660168379,0.017846578982297467,466,1.3659018248431406e-06,1.8656877951098216e-12,3.3881397326407384e-06,4.954227398101807e-06,2.511458934303097e-07,7.965423095557256e-07,5.5810198540068636e-08
lambda_0p1,0.03162277660168379,0.1,0.060401995552914034,590,1.3827137466829675e-06,1.9118973052660495e-12,3.418219487316688e-06,7.410121988016272e-06,4.342650269599194e-07,2.8251366400722233e-06,9.650333932442488e-08
lambda_0p1,0.1,0.31622776601683794,0.20663173307118948,758,1.0740174711793865e-06,1.1535135283985643e-12,3.127651992951285e-06,8.60326148988122e-06,5.406225152842622e-07,3.5272380832784833e-06,1.2013833672983243e-07
lambda_0p1,0.31622776601683794,1.0,0.9994832279117276,13636,4.578048011054996e-07,2.0958523591524601e-13,1.4114600536796472e-06,4.354896377511963e-06,4.357385265702122e-07,4.353893066801463e-06,9.683078368226782e-08
lambda_1,1e-10,3.1622776601683795e-10,1.8001700130554354e-10,4979,0.00015729885734382167,2.474293052167196e-08,0.0001668469811388107,0.00016899631511790858,1.5387072110730017e-08,1.669740101739592e-08,3.419349357940004e-09
lambda_1,3.1622776601683795e-10,1e-09,5.653859602716693e-10,4908,0.00014343365851070437,2.0573214393765355e-08,0.00015562609524476302,0.00015852301317309525,1.5146879475225262e-08,1.6577153427732583e-08,3.365973216716725e-09
lambda_1,1e-09,3.1622776601683795e-09,1.7637290516958615e-09,4980,0.00012083999390088091,1.4602304125964935e-08,0.0001376550162892265,0.00014041588904056823,1.4488736613384999e-08,1.620774514599077e-08,3.2197192474188887e-09
lambda_1,3.1622776601683795e-09,1e-08,5.678840619971481e-09,5133,8.42476528076982e-05,7.0976670036064585e-09,0.00010669078905532815,0.0001109192082004995,1.236461635774901e-08,1.5022633914618666e-08,2.7476925239442247e-09
lambda_1,1e-08,3.162277660168379e-08,1.7580567890362886e-08,355,3.6688469437875676e-05,1.3460437896939376e-09,6.0481960566471923e-05,6.216377432721742e-05,6.981536704031172e-09,1.0893808077838685e-08,1.551452600895816e-09
lambda_1,3.162277660168379e-08,1e-07,5.624131427239831e-08,395,2.231773655425499e-05,4.980813649051293e-10,3.760107341211239e-05,4.298387914131174e-05,8.217637617508538e-09,1.65007172370224e-08,1.8261416927796755e-09
lambda_1,1e-07,3.162277660168379e-07,1.6757689202950843e-07,373,2.8022709724108144e-05,7.852722602816251e-10,4.1084738564252076e-05,4.5416116256191685e-05,1.4735705401670904e-08,2.0303868364379696e-08,3.2746012003713113e-09
lambda_1,3.162277660168379e-07,1e-06,5.865950366001904e-07,362,2.3432685492969197e-05,5.490907494124091e-10,3.323586835977998e-05,3.4776743314035574e-05,2.6973955615855907e-08,4.1496619807013246e-08,5.994212359079091e-09
lambda_1,1e-06,3.162277660168379e-06,1.680231441869573e-06,417,1.5794153861245767e-05,2.4945529619270455e-10,2.73929724033195e-05,3.2669317617362026e-05,2.989514923297457e-08,6.141481134758209e-08,6.643366496216571e-09
lambda_1,3.162277660168379e-06,1e-05,5.475771237439808e-06,387,1.4095309820335626e-05,1.9867775893124995e-10,2.2680123822347296e-05,2.5275680674397005e-05,4.557157721848242e-08,7.597499074307734e-08,1.012701715966276e-08
lambda_1,1e-05,3.1622776601683795e-05,1.7841830631915023e-05,371,1.0197150197452817e-05,1.0398187214941203e-10,1.7912138960607392e-05,1.9109769795910836e-05,5.8052857740339805e-08,9.70643310171937e-08,1.2900635053408846e-08
lambda_1,3.1622776601683795e-05,0.0001,5.622764280233117e-05,362,6.594014157681857e-06,4.348102271170876e-11,1.2661156106847926e-05,1.7102152474357535e-05,6.729675166178646e-08,1.482092553128922e-07,1.495483370261921e-08
lambda_1,0.0001,0.00031622776601683794,0.00017371794170117916,361,3.968916000759142e-06,1.5752294221081945e-11,8.355263115333837e-06,1.2405386382308148e-05,7.381128392225735e-08,2.943872968730332e-07,1.640250753827941e-08
lambda_1,0.00031622776601683794,0.001,0.0005575860395878873,373,2.371562259842547e-06,5.6243075523094876e-12,5.939925277083088e-06,6.377887523889569e-06,7.695450881573456e-08,2.203721666260705e-07,1.7101001959052117e-08
lambda_1,0.001,0.0031622776601683794,0.0017687156880324961,374,1.6940510898668797e-06,2.8698090950791633e-12,5.6671648822614876e-06,6.736563268106011e-06,9.828609966313267e-08,3.7584391887612867e-07,2.1841355480696132e-08
lambda_1,0.0031622776601683794,0.01,0.005661078524180407,420,1.3432204199163626e-06,1.8042410964802894e-12,3.306568893584605e-06,4.2284230268307965e-06,1.4287468110076333e-07,5.153660308510055e-07,3.1749929133502924e-08
lambda_1,0.01,0.03162277660168379,0.017846578982297467,466,1.117606045182002e-06,1.2490432722273554e-12,2.656846093707089e-06,3.05809659906231e-06,1.9456266508760263e-07,6.162544083920807e-07,4.323614779724496e-08
lambda_1,0.03162277660168379,0.1,0.060401995552914034,590,1.1796764994074782e-06,1.391636643254282e-12,3.8693602613903995e-06,9.744424120938788e-06,3.568408110789209e-07,2.293442266432244e-06,7.929795801753659e-08
lambda_1,0.1,0.31622776601683794,0.20663173307118948,758,8.894140773834879e-07,7.91057401047921e-13,2.3409431982612806e-06,3.6035564683345456e-06,4.603284053554682e-07,1.5689018774134311e-06,1.0229520119010288e-07
lambda_1,0.31622776601683794,1.0,0.9994832279117276,13636,4.6242221957774586e-07,2.13834309159209e-13,1.365821712051571e-06,2.955429928563902e-06,4.3517165072669355e-07,2.7615882915305034e-06,9.67048112725973e-08
