method,scheme,initial_amplitude,status,nonlinear_updates,residual_evaluations,wall_seconds,initial_outside_exact_cells,max_outside_exact_cells,max_outside_training_a_cells,scaled_physical_residual_inf,pde_residual_inf,lower_rmse,lower_capture
srdm,newton,0,map_converged,3,4,0.06261610001092777,0,0,0,4.63431376607204e-15,8.341764778929672e-12,0.0,True
srdm_linesearch,newton,0,map_converged,3,7,0.06092240000725724,0,0,0,4.63431376607204e-15,8.341764778929672e-12,0.0,True
exact,newton,0,map_converged,3,4,0.06196500000078231,0,0,0,3.1524262367188527e-15,5.674367226093935e-12,9.334203198348987e-15,True
mse,newton,0,map_converged,3,4,0.07917349998024292,0,0,0,2.329050755875764e-06,0.004192291360576375,2.8433349140725957e-05,True
lambda_0p01,newton,0,map_converged,3,4,0.07843560000765137,0,0,0,2.9043154192755216e-06,0.005227767754695939,2.8770758231164437e-05,True
lambda_0p1,newton,0,map_converged,3,4,0.08071360000758432,0,0,0,1.0865436743815252e-06,0.0019557786138867453,1.2379301161388446e-05,True
lambda_1,newton,0,map_converged,3,4,0.08029280000482686,0,0,0,4.1785180247139175e-07,0.0007521332444485052,1.1159500820681914e-05,True
srdm,newton,1,map_converged,3,4,0.06616830002167262,0,0,0,1.7527320740617913e-13,3.1549177333112244e-10,1.7538250483148e-12,True
srdm_linesearch,newton,1,map_converged,3,7,0.07146750000538304,0,0,0,1.7527320740617913e-13,3.1549177333112244e-10,1.7538250483148e-12,True
exact,newton,1,map_converged,3,4,0.07009599998127669,0,0,0,1.246316418124227e-13,2.2433695526236086e-10,1.2720489827214394e-12,True
mse,newton,1,map_converged,3,4,0.08095239999238402,0,0,0,2.329050768981166e-06,0.004192291384166099,2.8433348076054945e-05,True
lambda_0p01,newton,1,map_converged,3,4,0.08123949999571778,0,0,0,2.9043154134759074e-06,0.005227767744256633,2.8770758851623453e-05,True
lambda_0p1,newton,1,map_converged,3,4,0.07798790000379086,0,0,0,1.086543658445488e-06,0.0019557785852018783,1.237930006017364e-05,True
lambda_1,newton,1,map_converged,3,4,0.07910839997930452,0,0,0,4.1785179883714607e-07,0.0007521332379068629,1.1159501844609178e-05,True
srdm,newton,2,map_converged,4,5,0.0868270999926608,0,0,0,2.5977484052752686e-16,4.675947129495484e-13,3.4897616764483237e-14,True
srdm_linesearch,newton,2,map_converged,4,9,0.08860249997815117,0,0,0,2.5977484052752686e-16,4.675947129495484e-13,3.4897616764483237e-14,True
exact,newton,2,map_converged,4,5,0.09480429999530315,0,0,0,3.4867941867133823e-16,6.276229536084088e-13,3.506018594897038e-14,True
mse,newton,2,map_converged,4,5,0.10064200000488199,0,0,0,2.329050749757828e-06,0.00419229134956409,2.8433349147038545e-05,True
lambda_0p01,newton,2,map_converged,4,5,0.10391589999198914,0,0,0,2.904315420619065e-06,0.005227767757114317,2.8770758232881203e-05,True
lambda_0p1,newton,2,map_converged,4,5,0.10605190001660958,0,0,0,1.0865436709784314e-06,0.0019557786077611765,1.2379301168026144e-05,True
lambda_1,newton,2,map_converged,4,5,0.10342700002365746,0,0,0,4.1785179857216706e-07,0.0007521332374299007,1.1159500802117262e-05,True
srdm,newton,4,diverged,7,7,0.15947959999903105,0,1071,1071,8.458128299104826e+167,1.5224630938388687e+171,25.717053612757827,False
srdm_linesearch,newton,4,line_search_failed,7,82,0.1797626999905333,0,1438,2076,0.211709387499031,381.0768974982558,1.5334999289868139,False
exact,newton,4,undefined_inverse,1,2,0.023662100022193044,0,393,377,8804.83704641622,15848706.683549196,3.695344238514003,False
mse,newton,4,diverged,2,2,0.04906910000136122,0,393,377,1.1269245052611161e+301,2.028464109470009e+304,139.28288008744812,False
lambda_0p01,newton,4,diverged,2,2,0.04921840000315569,0,393,377,1.1269245052611161e+301,2.028464109470009e+304,59.16706684006502,False
lambda_0p1,newton,4,diverged,2,2,0.051689399988390505,0,393,377,1.1269245052611161e+301,2.028464109470009e+304,73.32934880828459,False
lambda_1,newton,4,diverged,2,2,0.0508278000052087,0,393,377,2.2875946703826226e+40,4.1176704066887206e+43,22.22488407069716,False
srdm,newton,6,diverged,3,3,0.06567089998861775,5,94,66,6.803420064623879e+92,1.2246156116322984e+96,26.262911370565654,False
srdm_linesearch,newton,6,line_search_failed,5,63,0.13802319997921586,5,2282,2804,0.7897209975451578,1421.497795581284,2.1732667050268217,False
exact,newton,6,undefined_inverse,0,1,0.0013038000033702701,5,5,0,0.3499630423627648,629.9334762529767,2.1875739060363593,False
mse,newton,6,diverged,2,2,0.05112150000059046,5,563,523,1.1269245052611161e+301,2.028464109470009e+304,233.57704782858306,False
lambda_0p01,newton,6,diverged,2,2,0.051418300019577146,5,349,313,1.1818206461322539e+202,2.127277163038057e+205,37.94579716906456,False
lambda_0p1,newton,6,diverged,2,2,0.04920090001542121,5,207,159,1.9811609227484954e+238,3.5660896609472915e+241,65.6565994979145,False
lambda_1,newton,6,diverged,2,2,0.05054240001481958,5,1183,1165,1.1269245052611161e+301,2.028464109470009e+304,116.32971228467554,False
srdm,newton,8,diverged,2,2,0.04409959999611601,233,233,193,4.2070190007565464e+47,7.572634201361784e+50,9.904431206374591,False
srdm_linesearch,newton,8,line_search_failed,53,498,1.2468881999957375,233,1160,1330,2.8855857674452476,5194.054381401445,2.6081618675033975,False
exact,newton,8,undefined_inverse,0,1,0.0020590000203810632,233,233,193,3.1811206443185913,5726.017159773464,2.970466331583536,False
mse,newton,8,diverged,1,1,0.02503170000272803,233,233,193,5.513016253335911e+255,9.923429256004639e+258,45.02841506173516,False
lambda_0p01,newton,8,diverged,2,2,0.04950490000192076,233,457,1713,1.9742568648625923e+99,3.553662356752666e+102,23.980409565590623,False
lambda_0p1,newton,8,diverged,1,1,0.02665379998506978,233,233,193,1.5779016556963068e+161,2.8402229802533524e+164,93.98651596758374,False
lambda_1,newton,8,diverged,1,1,0.025023399997735396,233,233,193,1.1269245052611161e+301,2.028464109470009e+304,78.59161479122307,False
srdm,newton,10,diverged,5,5,0.1131075999874156,465,1500,1878,1.2629048446976403e+44,2.2732287204557526e+47,12.61874439230531,False
srdm_linesearch,newton,10,line_search_failed,64,473,1.514641899993876,465,1250,1195,5.812304078062413,10462.147340512343,3.8144367455208656,False
exact,newton,10,undefined_inverse,0,1,0.0016815999988466501,465,465,449,24.310032262069967,43758.05807172594,3.7540656501084264,False
mse,newton,10,diverged,1,1,0.025369900016812608,465,465,449,1.1269245052611161e+301,2.028464109470009e+304,72.74336133169912,False
lambda_0p01,newton,10,diverged,1,1,0.025893000012729317,465,465,449,5.4525644107722206e+32,9.814615939389997e+35,50.18278474126004,False
lambda_0p1,newton,10,diverged,1,1,0.02651180000975728,465,465,449,2.3208281166746517e+40,4.177490610014373e+43,38.45304456396943,False
lambda_1,newton,10,diverged,1,1,0.026010700006736442,465,465,449,1.2042877393319103e+62,2.1677179307974385e+65,37.478745992656165,False
srdm,newton,12,diverged,4,4,0.0931354999775067,747,747,728,2.517271078209747e+41,4.531087940777545e+44,7.237756997146749,False
srdm_linesearch,newton,12,iteration_limit,80,537,1.8720635999925435,747,1387,1409,14.843560090414973,26718.408162746953,4.229731336963511,False
exact,newton,12,undefined_inverse,0,1,0.0011060000106226653,747,747,711,180.64207478696827,325155.7346165429,4.538005688529834,False
mse,newton,12,diverged,1,1,0.024418000015430152,747,747,711,1.1269245052611161e+301,2.028464109470009e+304,471.8270996736053,False
lambda_0p01,newton,12,diverged,1,1,0.02696350001497194,747,747,711,1.1269245052611161e+301,2.028464109470009e+304,141.15755656723496,False
lambda_0p1,newton,12,diverged,1,1,0.030088700004853308,747,747,711,8.27108965874024e+32,1.4887961385732433e+36,47.451506950944506,False
lambda_1,newton,12,diverged,1,1,0.03475739998975769,747,747,711,1.9925875241786056e+191,3.58665754352149e+194,53.846003625125995,False
