model,checkpoint,dataset,checkpoint_sha256,dataset_sha256,count,representation_limited_count,physical_mse,physical_mae,physical_rmse,physical_abs_error_q99,physical_max_abs_error,prediction_min,prediction_max,nonfinite_prediction_count,out_of_bounds_count,in_bounds_fraction,physics_residual_rmse_in_bounds,physics_residual_max_abs_in_bounds,normalized_supervised_mse,root_jacobian_normalized_recurrence_mse,objective_recurrence_mse,composite_objective_mse_equivalent
MSE,final_checkpoint.bin,validation,374222a9d79571f5763ae181529e3e69a7eef3e0d3c410caeeddb25e7a775111,3724183b6ae26de9f3b4b3928f50152544bf24644f4601403a3f9177472bb36f,100000,0,2.171356512792887e-11,2.444017082396137e-06,4.6597816609717744e-06,1.9786942962441878e-05,0.00010609902183378317,-7.57770645476441e-06,1.0000070436859123,0,129,0.99871,0.458739936423703,12.387603031708553,8.685426051171548e-11,4.767265606624716e-10,4.767265606624716e-10,8.685426051171548e-11
MSE,final_checkpoint.bin,uniform,374222a9d79571f5763ae181529e3e69a7eef3e0d3c410caeeddb25e7a775111,2912b6dc621a963ace241f754c7dbab5cac4d6cf56a86687891da58a01125047,20000,0,2.4881022863618152e-12,1.1786897816769188e-06,1.5773719556153569e-06,4.899889104703475e-06,1.1660080407326773e-05,0.0023807657207095545,0.9886029794049223,0,0,1.0,1.2964967175969424,11.242045568574554,9.952409145447261e-12,9.952280343793678e-12,9.952280343793678e-12,9.952409145447261e-12
MSE,final_checkpoint.bin,edge,374222a9d79571f5763ae181529e3e69a7eef3e0d3c410caeeddb25e7a775111,1b881296ecc1a4912a687bdea2cf0a5fbb1ee8ed0a876c925f9a8b686947cbc3,20000,0,9.524967016849407e-12,2.0808672223086213e-06,3.086254528850368e-06,1.0069398920925494e-05,5.950144735000773e-05,2.400708822891673e-05,0.9998900256214116,0,0,1.0,1.250200966645933,13.28056410288306,3.809986806739763e-11,3.7781669120370494e-11,3.7781669120370494e-11,3.809986806739763e-11
MSE,final_checkpoint.bin,log_beta,374222a9d79571f5763ae181529e3e69a7eef3e0d3c410caeeddb25e7a775111,7fb00d4198bdda2ae81711831044a4c01b9c988594ac362f314caa5b7af297de,20000,0,3.140080547743559e-11,2.8797707791990785e-06,5.603642161794023e-06,2.194259074712691e-05,0.00010552820398901375,0.0004164187613069359,0.998711568829852,0,0,1.0,0.3226519789430572,8.84413717645044,1.2560322190974237e-10,1.256028060944356e-10,1.256028060944356e-10,1.2560322190974237e-10
MSE,final_checkpoint.bin,target_tail,374222a9d79571f5763ae181529e3e69a7eef3e0d3c410caeeddb25e7a775111,553d45caeb507f79a13ff11a438933493b7d159df3b49891cb347f9e84a7cb7d,20000,0,3.436692818302483e-11,3.1216334473252515e-06,5.86233129250001e-06,2.491948850669821e-05,6.527123777544386e-05,1.2700140462174048e-05,0.999989497818067,0,0,1.0,0.7393508821549213,11.167885674616148,1.3746771273209932e-10,1.9936999577895592e-09,1.9936999577895592e-09,1.3746771273209932e-10
MSE,final_checkpoint.bin,balanced_transport,374222a9d79571f5763ae181529e3e69a7eef3e0d3c410caeeddb25e7a775111,5effab5d1293de45eb075290926b2e9d6a5a1f4fdf4a7326c4e7bd2e107bec39,20000,0,2.2887119782836202e-11,2.463514409858357e-06,4.78404847204083e-06,2.0570781935394775e-05,9.34849765945045e-05,-4.009438106189478e-06,1.000002090542429,0,28,0.9986,0.47265443380585465,10.689061246247414,9.154847913134481e-11,6.497844439169138e-10,6.497844439169138e-10,9.154847913134481e-11
Residual $\lambda=0.01$,final_checkpoint.bin,validation,37e6659beb435841d5389319ee513da843bdd51f2d46429d8c409fca14206535,3724183b6ae26de9f3b4b3928f50152544bf24644f4601403a3f9177472bb36f,100000,0,1.9442606221581454e-11,2.250521344171983e-06,4.409377078633835e-06,1.8491385893000788e-05,0.0001958074517870445,-7.344264927544586e-06,1.0000096654564237,0,225,0.99775,0.5731408661359385,17.509185277140404,7.777042488632582e-11,1.269618574490876e-10,1.2696185599251738e-10,7.904004344625099e-11
Residual $\lambda=0.01$,final_checkpoint.bin,uniform,37e6659beb435841d5389319ee513da843bdd51f2d46429d8c409fca14206535,2912b6dc621a963ace241f754c7dbab5cac4d6cf56a86687891da58a01125047,20000,0,2.815813201912758e-12,1.2912030473517691e-06,1.6780384983404754e-06,4.971189521925096e-06,1.4586483968345026e-05,0.002391062946593747,0.9886045494024148,0,0,1.0,1.68277822553975,16.73957981392793,1.1263252807651032e-11,1.1263280428166455e-11,1.126328042776634e-11,1.1375885611928696e-11
Residual $\lambda=0.01$,final_checkpoint.bin,edge,37e6659beb435841d5389319ee513da843bdd51f2d46429d8c409fca14206535,1b881296ecc1a4912a687bdea2cf0a5fbb1ee8ed0a876c925f9a8b686947cbc3,20000,0,8.939896511745306e-12,2.0073385272882838e-06,2.98996597167013e-06,9.621548982171478e-06,4.7350074885876836e-05,1.9056585680021776e-05,0.9998729388148365,0,0,1.0,1.685884258480107,19.981086380301594,3.5759586046981223e-11,3.5535617137852315e-11,3.5535617117998314e-11,3.6114942218161204e-11
Residual $\lambda=0.01$,final_checkpoint.bin,log_beta,37e6659beb435841d5389319ee513da843bdd51f2d46429d8c409fca14206535,7fb00d4198bdda2ae81711831044a4c01b9c988594ac362f314caa5b7af297de,20000,0,3.2232320738201534e-11,2.8431739078096157e-06,5.677351560208469e-06,2.2281128426933068e-05,0.0002387784162074802,0.0004224775817075477,0.998710238142026,0,0,1.0,0.41534666894136124,15.100394163855864,1.2892928295280613e-10,1.2892662497792105e-10,1.2892662260680162e-10,1.3021854917887416e-10
Residual $\lambda=0.01$,final_checkpoint.bin,target_tail,37e6659beb435841d5389319ee513da843bdd51f2d46429d8c409fca14206535,553d45caeb507f79a13ff11a438933493b7d159df3b49891cb347f9e84a7cb7d,20000,0,2.6771251812332278e-11,2.6992102322129604e-06,5.174094298747587e-06,2.2679626846787992e-05,6.367472910406846e-05,5.124219374375016e-06,0.9999941093124983,0,0,1.0,0.8636716103656823,19.664063631937495,1.0708500724932911e-10,3.218427547447834e-10,3.2184274941408067e-10,1.1030343474346992e-10
Residual $\lambda=0.01$,final_checkpoint.bin,balanced_transport,37e6659beb435841d5389319ee513da843bdd51f2d46429d8c409fca14206535,5effab5d1293de45eb075290926b2e9d6a5a1f4fdf4a7326c4e7bd2e107bec39,20000,0,1.980129224336124e-11,2.2670333284264902e-06,4.449864294937682e-06,1.873838010479356e-05,0.00012311554885308107,-2.7868111560636066e-06,1.000002419783839,0,33,0.99835,0.570135103937674,12.620240710131329,7.920516897344496e-11,1.3877384808538887e-10,1.3877384635623356e-10,8.059290743700729e-11
Residual $\lambda=0.1$,final_checkpoint.bin,validation,e5ed0a6219347698840bdacbc1eef1112636de8a18d5199280d538e9664f35cf,3724183b6ae26de9f3b4b3928f50152544bf24644f4601403a3f9177472bb36f,100000,0,5.614587860119724e-11,3.816987738398048e-06,7.4930553582098435e-06,3.0720356665544095e-05,0.00021401872053505855,-8.202826065506486e-06,1.0000212575762903,0,434,0.99566,0.7200676536724894,14.448634066329332,2.2458351440478896e-10,2.4309043839827996e-10,2.43090436040837e-10,2.4889255800887265e-10
Residual $\lambda=0.1$,final_checkpoint.bin,uniform,e5ed0a6219347698840bdacbc1eef1112636de8a18d5199280d538e9664f35cf,2912b6dc621a963ace241f754c7dbab5cac4d6cf56a86687891da58a01125047,20000,0,5.312500410465106e-12,1.709599082738315e-06,2.3048862033656033e-06,7.102158889494275e-06,2.7851408315737736e-05,0.0023842791018404697,0.988605197752233,0,0,1.0,2.067075242374407,19.176796237650127,2.1250001641860423e-11,2.1249930827535537e-11,2.1249930825572153e-11,2.337499472441764e-11
Residual $\lambda=0.1$,final_checkpoint.bin,edge,e5ed0a6219347698840bdacbc1eef1112636de8a18d5199280d538e9664f35cf,1b881296ecc1a4912a687bdea2cf0a5fbb1ee8ed0a876c925f9a8b686947cbc3,20000,0,3.724048446850823e-11,3.4720774771376036e-06,6.102498215362969e-06,2.2819658951959014e-05,0.00014674913742074303,1.3274268767737851e-05,0.9998873069665359,0,0,1.0,1.9915998731389455,21.439213727193266,1.4896193787403292e-10,1.4688101963463705e-10,1.4688101863554938e-10,1.6365003973758785e-10
Residual $\lambda=0.1$,final_checkpoint.bin,log_beta,e5ed0a6219347698840bdacbc1eef1112636de8a18d5199280d538e9664f35cf,7fb00d4198bdda2ae81711831044a4c01b9c988594ac362f314caa5b7af297de,20000,0,7.938487633279063e-11,4.620060291021411e-06,8.909819096524386e-06,3.721345466366485e-05,0.00016786892004516663,0.00042142414968715514,0.998711151366181,0,0,1.0,0.4891262335024263,12.310014272359759,3.175395053311625e-10,3.1754126914224136e-10,3.1754126622485836e-10,3.492936319536484e-10
Residual $\lambda=0.1$,final_checkpoint.bin,target_tail,e5ed0a6219347698840bdacbc1eef1112636de8a18d5199280d538e9664f35cf,553d45caeb507f79a13ff11a438933493b7d159df3b49891cb347f9e84a7cb7d,20000,0,7.421120117866483e-11,4.5957635675469535e-06,8.614592339667898e-06,3.6323748939039594e-05,0.00010625400560393405,3.6770981699518757e-06,0.9999954454747106,0,0,1.0,1.1707820817786632,15.305760558122266,2.968448047146593e-10,3.8618772900264425e-10,3.861877264215546e-10,3.354635773568148e-10
Residual $\lambda=0.1$,final_checkpoint.bin,balanced_transport,e5ed0a6219347698840bdacbc1eef1112636de8a18d5199280d538e9664f35cf,5effab5d1293de45eb075290926b2e9d6a5a1f4fdf4a7326c4e7bd2e107bec39,20000,0,5.93139861807569e-11,3.868331971240916e-06,7.701557386708022e-06,3.1584180439724226e-05,0.00015049811400935642,-7.92505658875342e-06,1.0000034053121842,0,82,0.9959,0.707988661417172,16.92621423511237,2.372559447230276e-10,2.593236543187554e-10,2.593236520291963e-10,2.6318830992594724e-10
Residual $\lambda=1$,final_checkpoint.bin,validation,f08cada509549668604eb37f4cfa71bdf9c177e1bcb4bcad75b416d9cb3da990,3724183b6ae26de9f3b4b3928f50152544bf24644f4601403a3f9177472bb36f,100000,0,3.884403825151254e-11,3.1323234315615782e-06,6.2324985560778545e-06,2.5732313262977994e-05,0.0001278825476778156,-8.483195029773682e-06,1.0000100286044955,0,420,0.9958,0.7769094306340789,24.2150688875251,1.5537615300605016e-10,1.4219987719850503e-10,1.4219987664423387e-10,2.9757602965028403e-10
Residual $\lambda=1$,final_checkpoint.bin,uniform,f08cada509549668604eb37f4cfa71bdf9c177e1bcb4bcad75b416d9cb3da990,2912b6dc621a963ace241f754c7dbab5cac4d6cf56a86687891da58a01125047,20000,0,5.3821156662927116e-12,1.7574869937933932e-06,2.3199387203744655e-06,7.0413324287910036e-06,1.6860583641142846e-05,0.00239720717011771,0.9886055879315296,0,0,1.0,2.4309408602484437,24.582150909635377,2.1528462665170846e-11,2.152847206236379e-11,2.152847206084761e-11,4.305693472601846e-11
Residual $\lambda=1$,final_checkpoint.bin,edge,f08cada509549668604eb37f4cfa71bdf9c177e1bcb4bcad75b416d9cb3da990,1b881296ecc1a4912a687bdea2cf0a5fbb1ee8ed0a876c925f9a8b686947cbc3,20000,0,2.1854889091134807e-11,2.9684144918997785e-06,4.6749212925069455e-06,1.5190550584142082e-05,0.00010369774877361237,1.0515776468489335e-05,0.9999007768016372,0,0,1.0,2.377856380768168,26.34611082192065,8.741955636453923e-11,8.544122422174326e-11,8.544122401053952e-11,1.7286078037507876e-10
Residual $\lambda=1$,final_checkpoint.bin,log_beta,f08cada509549668604eb37f4cfa71bdf9c177e1bcb4bcad75b416d9cb3da990,7fb00d4198bdda2ae81711831044a4c01b9c988594ac362f314caa5b7af297de,20000,0,4.347605664463412e-11,3.4609407795038245e-06,6.593637588208358e-06,2.4030984541458768e-05,0.0002242417288219889,0.0004129220714355064,0.9987023064809031,0,0,1.0,0.5697896176868923,17.7305485619535,1.739042265785365e-10,1.7390558137694127e-10,1.7390557821501194e-10,3.4780980479354846e-10
Residual $\lambda=1$,final_checkpoint.bin,target_tail,f08cada509549668604eb37f4cfa71bdf9c177e1bcb4bcad75b416d9cb3da990,553d45caeb507f79a13ff11a438933493b7d159df3b49891cb347f9e84a7cb7d,20000,0,6.721511417719378e-11,4.185610845845998e-06,8.19848243135239e-06,3.8527708196367766e-05,8.089565852076319e-05,2.0241792639819067e-06,0.9999946540173192,0,0,1.0,1.2161488609546798,20.890924406119954,2.6886045670877513e-10,2.339341033578815e-10,2.33934102646057e-10,5.027945593548321e-10
Residual $\lambda=1$,final_checkpoint.bin,balanced_transport,f08cada509549668604eb37f4cfa71bdf9c177e1bcb4bcad75b416d9cb3da990,5effab5d1293de45eb075290926b2e9d6a5a1f4fdf4a7326c4e7bd2e107bec39,20000,0,4.250122351442412e-11,3.1713394911990814e-06,6.5192962437999485e-06,2.7007478655628714e-05,0.00018340608966199712,-1.440196690349893e-06,1.0000070808418198,0,82,0.9959,0.7831417404671864,16.172827736475806,1.7000489405769647e-10,1.5363755504341992e-10,1.5363755388340511e-10,3.236424479411016e-10
