case,arm,dt,beta,status,repetitions,failures,process_wall_seconds_median,process_wall_seconds_min,process_wall_seconds_max,nonlinear_updates,linear_iterations,function_evaluations,checkpoint_sha256,accuracy_reference,reference_snapshot_sha256,cells,rmse,mae,q99_abs_error,max_abs_error,prediction_min,prediction_max,out_of_bounds_count,rmse_vs_independent_oracle,physical_step_residual_rmse,physical_step_residual_max,mass_balance_defect,active_cells,active_region_rmse,max_undershoot,max_overshoot,training_iteration,training_accepted_updates,training_instrumented_seconds_to_checkpoint,training_instrumented_seconds_charged,training_hours,training_trace_sha256,local_validation_rmse,local_validation_mse,reference_path_local_rmse
exact_cris,exact_cris,50,75.0,completed,5,0,0.7896054000000277,0.7862251999999899,0.7946308999999019,267,267,268,,exact_cris,6bf954ad1beb7d66216059c6a596ecfe7a58b8ff4767e471e5e0559bd1b9f7bc,500,0.0,0.0,0.0,0.0,0.0,0.8548642490116648,0,4.720140647182293e-14,4.729688333570776e-14,1.0554441347779962e-12,-1.0516032489249483e-12,266,3.007838405394485e-16,0.0,0.0,,,,,,,,,
mse_checkpoint_13,MSE,50,75.0,completed,5,0,0.36891209999998864,0.3604593999999679,0.3827097999999296,84,90,85,703b7640024fc653e0b36f0a75ac6d884abb28e96b2eb9d85eb6cbea947d0db6,exact_cris,6bf954ad1beb7d66216059c6a596ecfe7a58b8ff4767e471e5e0559bd1b9f7bc,500,0.567649050142483,0.5359861850671139,0.6835499485566745,0.6835499485566748,0.6835499485566715,0.8540340446054853,0,0.5676490501424806,0.6760804747174417,0.6835499485567068,337.06941737222274,266,0.44119811943695897,0.0,0.0,13,11,5.7687924,5.7687924,0.0016024423333333333,621b512f2ad0084f3017742caebfd335b461eb3c78305aceb4eaa5454bb13e60,0.013266996902300763,0.00017601320680565803,0.020834277417306746
mse_checkpoint_208,MSE,50,75.0,completed,5,0,0.3841380000000072,0.37304919999996855,0.39474089999998796,104,104,105,a7e796aaba641469a133f252d1a7675ee04f6f4cf6bd4d21caf7672ecbc2ba1b,exact_cris,6bf954ad1beb7d66216059c6a596ecfe7a58b8ff4767e471e5e0559bd1b9f7bc,500,0.020028912063484377,0.011675456865649162,0.06272598484764005,0.06315443079794679,0.0023733414786050178,0.8548631345319655,0,0.02002891206347846,0.02186507922550601,0.05334905303159754,5.821098086797576,266,0.024754528837219538,0.0,0.0,208,162,86.65224479999995,86.65224479999995,0.024070067999999986,621b512f2ad0084f3017742caebfd335b461eb3c78305aceb4eaa5454bb13e60,0.0004978958812917561,2.4790030860729445e-07,0.001557966875159455
mse_checkpoint_1338,MSE,50,75.0,completed,5,0,0.39756920000002083,0.3779771999999184,0.4079680999999482,114,120,115,9fb07d8c293cdb67ac1340a6786b38852058900169a84ca9040659929328949e,exact_cris,6bf954ad1beb7d66216059c6a596ecfe7a58b8ff4767e471e5e0559bd1b9f7bc,500,0.0006820589509326909,0.0004682658611531677,0.00217909293828516,0.002214320105390938,0.00018401075637227001,0.8548710536428612,0,0.0006820589509320266,0.0019009185835429869,0.005173444707190222,-0.12439284842015752,266,0.0009190525596088331,0.0,0.0,1338,1032,564.2231182999986,564.2231182999986,0.15672864397222186,621b512f2ad0084f3017742caebfd335b461eb3c78305aceb4eaa5454bb13e60,4.996335091910765e-05,2.4963364350658953e-09,0.0001263288127580148
mse_checkpoint_4680,MSE,50,75.0,completed,5,0,0.430788800000073,0.4125315999999657,0.4597587000000658,157,163,158,6c58f898f1ff92127ba4436d423677262c317ad9712844954596f4dbb71d954d,exact_cris,6bf954ad1beb7d66216059c6a596ecfe7a58b8ff4767e471e5e0559bd1b9f7bc,500,0.000292717443324733,0.00015442620497775367,0.0008312636567768512,0.0008390603268217667,5.506372403152202e-06,0.8548613865292046,0,0.0002927174433246441,0.0008603404946305178,0.003007044598808045,-0.05954768290131085,266,0.00040128860259476887,0.0,0.0,4680,3602,1989.4050833999984,1989.4050833999984,0.5526125231666662,621b512f2ad0084f3017742caebfd335b461eb3c78305aceb4eaa5454bb13e60,1.581105410889839e-05,2.499894320345127e-10,1.386215364873759e-05
mse_final,MSE,50,75.0,completed,5,0,0.5247190000000046,0.5086265999999569,0.5260834000000614,267,267,268,374222a9d79571f5763ae181529e3e69a7eef3e0d3c410caeeddb25e7a775111,exact_cris,6bf954ad1beb7d66216059c6a596ecfe7a58b8ff4767e471e5e0559bd1b9f7bc,500,3.072767910696638e-05,1.7399683094834733e-05,0.00012522989107886364,0.0001664671881869348,-1.8468688480766104e-06,0.8548646963863804,234,3.0727679107094905e-05,0.00011608446504145312,0.0005379310170126814,-0.0032600873288970433,266,4.209268355829191e-05,1.8468688480766104e-06,0.0,26011,19998,11160.667951500005,11161.617571200004,3.1004493253333343,621b512f2ad0084f3017742caebfd335b461eb3c78305aceb4eaa5454bb13e60,4.6597816609717744e-06,2.171356512792887e-11,4.752897498525373e-06
residual_lambda_0p01_final,0.01,50,75.0,completed,5,0,0.5303112000000283,0.5279325999999855,0.5675878000000694,267,267,268,37e6659beb435841d5389319ee513da843bdd51f2d46429d8c409fca14206535,exact_cris,6bf954ad1beb7d66216059c6a596ecfe7a58b8ff4767e471e5e0559bd1b9f7bc,500,6.402589499183372e-05,3.913711912726626e-05,0.0002021298473405171,0.0002465891739399581,-8.94979109899996e-06,0.8548635951002347,234,6.40258949921762e-05,0.00027545396026252997,0.0010083067264303747,0.008554381727122973,266,8.737862016057283e-05,8.94979109899996e-06,0.0,26013,20000,23188.62210660025,23232.22205640024,6.453395015666733,2500a943902edcbb039a4bd34280ed652b2b46033df3db8f8dc3174df0dfa625,4.409377078633835e-06,1.9442606221581454e-11,8.134233771412322e-06
residual_lambda_0p1_final,0.1,50,75.0,completed,5,0,0.5190152000000126,0.5018827000000101,0.5757885999998962,267,267,268,e5ed0a6219347698840bdacbc1eef1112636de8a18d5199280d538e9664f35cf,exact_cris,6bf954ad1beb7d66216059c6a596ecfe7a58b8ff4767e471e5e0559bd1b9f7bc,500,8.037505644317751e-05,4.907683365567496e-05,0.00020719775670406337,0.00020776993783189202,-5.556162771647166e-06,0.8548647241009171,234,8.037505644340685e-05,0.0003558686877523717,0.001144947349391412,0.018922045389956565,266,0.00011007263517529983,5.556162771647166e-06,0.0,26014,20000,21315.938104900033,21315.938104900033,5.921093918027787,ed18f52d51b153d930b0ec06b571de16315ac551350df313e5bb33429a289414,7.4930553582098435e-06,5.614587860119724e-11,9.118957359929173e-06
residual_lambda_1_final,1,50,75.0,completed,5,0,0.43287469999995665,0.4197600999999622,0.45148359999996046,155,161,156,f08cada509549668604eb37f4cfa71bdf9c177e1bcb4bcad75b416d9cb3da990,exact_cris,6bf954ad1beb7d66216059c6a596ecfe7a58b8ff4767e471e5e0559bd1b9f7bc,500,0.00012683873529349218,8.19277369132183e-05,0.0003638923402739921,0.00040959530018053886,6.421717522187009e-06,0.8548638095628489,0,0.00012683873529346727,0.00037535680375874665,0.001192796312132094,0.018647498849503563,266,0.00017379426736378672,0.0,0.0,26013,19999,20372.98275669996,20373.87879779996,5.659410777166656,ac7c4615c90d06ddf737227442febd6aa04e2ec176640e919fa3534af6a88372,6.2324985560778545e-06,3.884403825151254e-11,6.920779131452305e-06
residual_lambda_0p01_checkpoint_913,0.01,50,75.0,completed,5,0,0.40996339999992415,0.39853740000000926,0.4416657000000441,102,108,103,546ce2ca459e2253be16a853554d3dccf74fae96a67224f6d4bc70b247a93513,exact_cris,6bf954ad1beb7d66216059c6a596ecfe7a58b8ff4767e471e5e0559bd1b9f7bc,500,0.01028435136103365,0.00576879114528107,0.036190067333152345,0.03752076102759004,0.0020399010024564346,0.8549028701526113,0,0.010284351361027785,0.025332832103264664,0.08985957437812903,2.4182995682636914,266,0.01352510879979191,0.0,0.0,913,704,669.2386179000008,669.2386179000008,0.18589961608333355,2500a943902edcbb039a4bd34280ed652b2b46033df3db8f8dc3174df0dfa625,0.0004993743847245673,2.493747761190402e-07,0.001360131387591516
residual_lambda_0p01_checkpoint_2756,0.01,50,75.0,completed,5,0,0.4099529000000075,0.3976974000000837,0.4570300999999972,126,132,127,c181cd5ac63344a72a6491df1518c7c0e627de600b5d8a5c94586828865f8008,exact_cris,6bf954ad1beb7d66216059c6a596ecfe7a58b8ff4767e471e5e0559bd1b9f7bc,500,0.0009256475410764812,0.000576150190485228,0.0025811451912952955,0.002654790365112604,0.00010551321588198048,0.8548590181625415,0,0.0009256475410763087,0.0020782932258025092,0.005858428673856053,0.23269200336045515,266,0.0012652176185600063,0.0,0.0,2756,2122,2184.0590943000025,2184.0590943000025,0.6066830817500007,2500a943902edcbb039a4bd34280ed652b2b46033df3db8f8dc3174df0dfa625,4.999312624114429e-05,2.49931267136299e-09,7.770551582095325e-05
residual_lambda_0p01_checkpoint_5267,0.01,50,75.0,completed,5,0,0.458640599999967,0.4366879000001518,0.47533320000002277,166,172,167,203a12e8bd9a55cd1fca15c0b56cb5341f1e0ad958af4a39e31361016224782c,exact_cris,6bf954ad1beb7d66216059c6a596ecfe7a58b8ff4767e471e5e0559bd1b9f7bc,500,0.000222537298583292,0.00014636989793108307,0.0004349414276521085,0.0004433387891862872,2.623426980097321e-06,0.8548680851664475,0,0.00022253729858313955,0.0007539209690658777,0.004073564697358867,-0.06515621569907637,266,0.000305093442676502,0.0,0.0,5267,4053,4445.255719300003,4445.255719300003,1.2347932553611118,2500a943902edcbb039a4bd34280ed652b2b46033df3db8f8dc3174df0dfa625,1.580743757712959e-05,2.498750827548486e-10,1.3389489659408766e-05
residual_lambda_0p1_checkpoint_793,0.1,50,75.0,completed,5,0,0.4023867999999311,0.3986095000000205,0.4220963000000211,115,115,116,b1eeb12750f7bd12b5b69fd9894985452c0ca430decdda59184f6781a006ef40,exact_cris,6bf954ad1beb7d66216059c6a596ecfe7a58b8ff4767e471e5e0559bd1b9f7bc,500,0.02950485367151454,0.01592319849002835,0.08955533740948042,0.09146871841541633,0.0016788336273909547,0.8550606241074978,0,0.029504853671508246,0.03219325399250648,0.08108697345507014,6.89810153866587,266,0.03353815386235074,0.0,0.0,793,612,573.7542987000004,573.7542987000004,0.15937619408333345,ed18f52d51b153d930b0ec06b571de16315ac551350df313e5bb33429a289414,0.0004953220489198827,2.453439321461906e-07,0.001165983312255772
residual_lambda_0p1_checkpoint_4054,0.1,50,75.0,completed,5,0,0.40478379999990466,0.4032334000000901,0.4086534999999003,113,113,114,4fa2b4b11ddb3518ec87d58a7a6687d442db5577a5d12801cc01187a3d127d48,exact_cris,6bf954ad1beb7d66216059c6a596ecfe7a58b8ff4767e471e5e0559bd1b9f7bc,500,0.0013643137126435687,0.0009156517627236979,0.003029823621654074,0.0032557761744863196,0.0001619345165281283,0.8548515513886229,0,0.0013643137126431967,0.0034317763296697924,0.010389950917750745,-0.3599632636992567,266,0.001864326601351514,0.0,0.0,4054,3120,3098.8585984999986,3098.8585984999986,0.8607940551388885,ed18f52d51b153d930b0ec06b571de16315ac551350df313e5bb33429a289414,4.9992480339220464e-05,2.4992480904673446e-09,0.00011617248274287798
residual_lambda_0p1_checkpoint_8232,0.1,50,75.0,completed,5,0,0.4063608999999815,0.40495339999984026,0.4296393999998145,132,138,133,7d105be10ca3792b5430e0e9c414b9a81f7cb91f74853435fcbf16b79f87ee1f,exact_cris,6bf954ad1beb7d66216059c6a596ecfe7a58b8ff4767e471e5e0559bd1b9f7bc,500,0.000457841460277887,0.0002639842482439553,0.0013168815396421216,0.0015075405000204121,3.2955685978591996e-05,0.8548693624940134,0,0.00045784146027766647,0.0010492821876094951,0.003306431001018184,-0.11021117040456829,266,0.0006269488704475722,0.0,0.0,8232,6332,6597.213821299981,6597.213821299981,1.8325593948055503,ed18f52d51b153d930b0ec06b571de16315ac551350df313e5bb33429a289414,1.5808380300564554e-05,2.4990488772727743e-10,2.8396577137297565e-05
residual_lambda_1_checkpoint_1076,1,50,75.0,completed,5,0,0.38692790000004607,0.3685696000000007,0.39592100000004393,99,99,100,c49a309509324318ca43c1b8b830da7efea476f9beba965503209bc69412e064,exact_cris,6bf954ad1beb7d66216059c6a596ecfe7a58b8ff4767e471e5e0559bd1b9f7bc,500,0.014048918950181734,0.009805038882455708,0.031171891503042084,0.03479088041387915,0.0017192346490213213,0.8548996898037136,0,0.01404891895018138,0.027681964745054338,0.12194021180505255,-4.054513562470163,266,0.01919375019993868,0.0,0.0,1076,829,848.3327758000003,848.3327758000003,0.23564799327777786,ac7c4615c90d06ddf737227442febd6aa04e2ec176640e919fa3534af6a88372,0.0004988663667171375,2.4886765184155755e-07,0.0011986687755479667
residual_lambda_1_checkpoint_7905,1,50,75.0,completed,5,0,0.4046203999998852,0.38889709999989464,0.4227989000000889,119,125,120,6c51786bee4d3a347a971eaf4f48abcdb6a57de22c0080b426dd12618aeaab55,exact_cris,6bf954ad1beb7d66216059c6a596ecfe7a58b8ff4767e471e5e0559bd1b9f7bc,500,0.0014614253438851765,0.0008242781639016308,0.0044085917087564735,0.004508066705552309,0.00013651466152442282,0.8548687857475121,0,0.0014614253438849536,0.0030581845502611394,0.010612915022147118,0.13573146477953912,266,0.001999514556215929,0.0,0.0,7905,6079,6551.8104405000095,6551.8104405000095,1.819947344583336,ac7c4615c90d06ddf737227442febd6aa04e2ec176640e919fa3534af6a88372,4.995022057207658e-05,2.4950245351991028e-09,0.00010228809752914655
residual_lambda_1_checkpoint_11596,1,50,75.0,completed,5,0,0.529083700000001,0.507049699999925,0.5330619999999726,267,266,268,e7c381032c70fd5a0f2c6df614f03645d883a7223ac469eae5004099d1eb65b6,exact_cris,6bf954ad1beb7d66216059c6a596ecfe7a58b8ff4767e471e5e0559bd1b9f7bc,500,0.00035033593975894364,0.00022413567669467258,0.0009722770625231466,0.00106158152571551,-7.680827089462383e-06,0.8548651921372055,235,0.0003503359397588909,0.0007011957864810471,0.0023265739269260344,-0.10904179599744168,266,0.00048026398337199053,7.680827089462383e-06,0.0,11596,8917,9322.538940500011,9322.538940500011,2.589594150138892,ac7c4615c90d06ddf737227442febd6aa04e2ec176640e919fa3534af6a88372,1.580997834030075e-05,2.4995541512077884e-10,1.181113433606435e-05
residual_lambda_0p01_checkpoint_13,0.01,50,75.0,completed,5,0,0.3725518999999622,0.37017939999986993,0.3941562999998496,84,90,85,2e6b8a49fc2eae7bdbf357c0a818fd5d9b20edc0d44dc16b8084dee6b6e6ab1e,exact_cris,6bf954ad1beb7d66216059c6a596ecfe7a58b8ff4767e471e5e0559bd1b9f7bc,500,0.5625737152751807,0.5306957496362187,0.6781606196971556,0.6781606196971579,0.6781606196971512,0.8526151623763505,0,0.5625737152751782,0.6703811792341291,0.6781606196972033,334.14507925308817,266,0.4362673412618262,0.0,0.0,13,11,10.693933499999998,10.693933499999998,0.002970537083333333,2500a943902edcbb039a4bd34280ed652b2b46033df3db8f8dc3174df0dfa625,0.012961419944354374,0.00016799840697390736,0.020619353887150242
residual_lambda_0p1_checkpoint_34,0.1,50,75.0,completed,5,0,0.4388112000001456,0.437836900000093,0.45575800000005984,183,189,184,92c152c71befbb56e569a051a172cfffa551b727d33de5c3af378c1e3e95ec6e,exact_cris,6bf954ad1beb7d66216059c6a596ecfe7a58b8ff4767e471e5e0559bd1b9f7bc,500,0.6495629965474995,0.620580632456956,0.7700184790653856,0.7700184790653857,0.7700184790653843,0.8560284101241495,0,0.649562996547497,0.7666368781415347,0.7700184790654023,382.7063989384596,266,0.5210630550846375,0.0,0.0,34,26,27.2181281,27.2181281,0.007560591138888889,ed18f52d51b153d930b0ec06b571de16315ac551350df313e5bb33429a289414,0.015404129327359179,0.00023728720033400715,0.01759656198645619
residual_lambda_1_checkpoint_33,1,50,75.0,completed,5,0,0.4761693999998897,0.4584602000004452,0.4949285000002419,204,210,205,ba7794c9e30aec6bb0cfe5da7edb8c3bf8f3ca4d8b3626a55bf8731b07a3e6ee,exact_cris,6bf954ad1beb7d66216059c6a596ecfe7a58b8ff4767e471e5e0559bd1b9f7bc,500,0.5078478410153608,0.475192441331582,0.6193431315942909,0.6193431315952863,0.6193431315926944,0.8562172954546438,0,0.5078478410153583,0.6075641412577082,0.6193431315927204,302.75128546822543,266,0.38386445601080466,0.0,0.0,33,25,23.93450739999999,23.93450739999999,0.006648474277777775,ac7c4615c90d06ddf737227442febd6aa04e2ec176640e919fa3534af6a88372,0.01570107207279858,0.00024652366423521545,0.017487504436157365
