beta,N,h,dt,time,method,saturation_min,saturation_max,total_L1,discretization_L1,vs_discrete_L1,vs_discrete_over_discretization_L1,total_L2,discretization_L2,vs_discrete_L2,vs_discrete_over_discretization_L2,total_Linf,discretization_Linf,vs_discrete_Linf,vs_discrete_over_discretization_Linf
1,100,10.0,10.0,100.0,SRDM,0.05,0.25,0.0026342450188945755,0.0026342450188946,2.0317081350640365e-16,7.712677144651471e-14,0.010841846142542981,0.010841846142543028,4.860099567183502e-16,4.482723240383056e-14,0.07086351740223272,0.07086351740223103,2.0539125955565396e-15,2.898406219237256e-14
1,100,10.0,10.0,100.0,CRIS,0.05001346257857426,0.2500419742813401,0.002648684680373423,0.0026342450188946,2.3076252809499515e-05,0.008760101146241487,0.010844568287974608,0.010841846142543028,2.8504714815864757e-05,0.002629138473383536,0.07094137430616765,0.07086351740223103,9.178135203881388e-05,0.0012951848201077905
1,100,10.0,10.0,200.0,SRDM,0.05,0.25,0.0036518241535288087,0.0036518241535288126,4.497791028512665e-16,1.231655972308081e-13,0.013982033856125276,0.013982033856125016,1.129550482168824e-15,8.078584945451333e-14,0.08406686857284883,0.08406686857284267,6.161737786669619e-15,7.329567392331935e-14
1,100,10.0,10.0,200.0,CRIS,0.05002695999192489,0.250068752037003,0.003673858290626711,0.0036518241535288126,4.943228008866852e-05,0.01353632541175384,0.013990570451702869,0.013982033856125016,6.801551973091188e-05,0.004864493994993209,0.08431471776306661,0.08406686857284267,0.00025329575717218666,0.003013027146987279
1,200,5.0,5.0,100.0,SRDM,0.05,0.25,0.0018259120767644102,0.0018259120767644874,3.0035002263062436e-16,1.644931464404595e-13,0.009886790954446122,0.009886790954445938,8.081626691385773e-16,8.17416564042106e-14,0.08406686857284996,0.0840668685728438,6.161737786669619e-15,7.329567392331835e-14
1,200,5.0,5.0,100.0,CRIS,0.05002695999191769,0.2500869906460448,0.0018572404287506554,0.0018259120767644874,4.580266170960578e-05,0.025084812293244704,0.009892775143602974,0.009886790954445938,5.9803783215099306e-05,0.006048856852607616,0.08431841748615125,0.0840668685728438,0.0002563060311167459,0.003048835236376827
1,200,5.0,5.0,200.0,SRDM,0.05,0.25,0.001818164621040027,0.0018181646210401587,7.139080993034952e-16,3.926531684986113e-13,0.009606610582237928,0.009606610582237452,2.140065631655612e-15,2.227701032883103e-13,0.0766506306710268,0.0766506306710114,1.5404344466674047e-14,2.009682677340297e-13
1,200,5.0,5.0,200.0,CRIS,0.05005405943066226,0.2501605098714351,0.0018780627946970775,0.0018181646210401587,9.765311191956608e-05,0.05370971956527207,0.0096311206338194,0.009606610582237452,0.00015110040435510025,0.015728794569281668,0.07749444539534532,0.0766506306710114,0.0008448192478984068,0.011021686847227862
1,400,2.5,2.5,100.0,SRDM,0.05,0.25,0.0009090823105200194,0.0009090823105202411,5.130791624896602e-16,5.643924170035165e-13,0.00679289948691895,0.006792899486918615,1.5345815682197659e-15,2.2590965333359888e-13,0.07665063067102908,0.07665063067101367,1.5404344466674047e-14,2.0096826773402373e-13
1,400,2.5,2.5,100.0,CRIS,0.05005405943066386,0.2501754390693486,0.0009810020161596018,0.0009090823105202411,9.103576759756999e-05,0.10014029152703774,0.006810556407211229,0.006792899486918615,0.00012808475664926203,0.018855682598560523,0.07749740103995749,0.07665063067101367,0.0008473610177409663,0.011054847302925138
1,400,2.5,2.5,200.0,SRDM,0.05,0.25,0.000868427795311854,0.0008684277953122124,1.1340928196545974e-15,1.3059149255429745e-12,0.006353427547907681,0.0063534275479066775,4.052553478115192e-15,6.378531033143558e-13,0.06643626778830344,0.06643626778833511,4.095335182086046e-14,6.164306512722416e-13
1,400,2.5,2.5,200.0,CRIS,0.05010867748425737,0.2503438703395621,0.0010123197094866578,0.0008684277953122124,0.00019372008072300557,0.22306987612408283,0.006430275321146202,0.0063534275479066775,0.0003502880817923913,0.05513371784774723,0.06707263398029106,0.06643626778833511,0.003022087006733301,0.04548851263532175
1,800,1.25,1.25,100.0,SRDM,0.05,0.25,0.0004342138976559327,0.0004342138976564215,8.766945502891588e-16,2.0190384393980335e-12,0.004492551702903016,0.004492551702902306,2.909859120679626e-15,6.477074306790462e-13,0.06643626778830344,0.06643626778833511,4.095335182086046e-14,6.164306512722416e-13
1,800,1.25,1.25,100.0,CRIS,0.05010867748425563,0.25035048319627845,0.0005906834013728868,0.0004342138976564215,0.00018142451465792515,0.4178229108674917,0.0045490642551066236,0.004492551702902306,0.0002849144519546521,0.06341929281984443,0.06707393193770696,0.06643626778833511,0.003023384964149195,0.04550804951569
1,800,1.25,1.25,200.0,SRDM,0.05,0.25,0.00039410575953560846,0.00039410575953601244,1.4613744242497616e-15,3.708076801440971e-12,0.004110047238919574,0.004110047238917608,7.96592470907032e-15,1.9381589178931595e-12,0.07161121660496626,0.07161121660485036,1.1590728377086634e-13,1.618563254000292e-12
1,800,1.25,1.25,200.0,CRIS,0.050219595719376266,0.25069774719334786,0.0007121306928701324,0.00039410575953601244,0.0003861434151223769,0.9797964271747519,0.0044016688229086744,0.004110047238917608,0.0008577808148503838,0.20870339560288914,0.08302851832305717,0.07161121660485036,0.011417301718206818,0.1594345447474705
1,1600,0.625,0.625,100.0,SRDM,0.05,0.25,0.00019705287976780992,0.0001970528797683892,1.1079895681498364e-15,5.622803226484882e-12,0.0029062422736371284,0.002906242273635738,5.6663565968724985e-15,1.9497192812434836e-12,0.07161121660496626,0.07161121660485036,1.1590728377086634e-13,1.618563254000292e-12
1,1600,0.625,0.625,100.0,CRIS,0.050219595719374,0.25069901930274374,0.000525788531721414,0.0001970528797683892,0.00036279751494984165,1.8411175486309277,0.003125143559177566,0.002906242273635738,0.0006686340276902625,0.23006823407526678,0.08302878633523085,0.07161121660485036,0.011417569730380495,0.15943828734795104
1,1600,0.625,0.625,200.0,SRDM,0.05,0.25,0.00021475581484949863,0.00021475581485005886,1.6058205112856605e-15,7.477425057881827e-12,0.003223063672608186,0.003223063672604959,1.3565416322872884e-14,4.208857689711411e-12,0.0869568733693019,0.08695687336901824,2.836619827917275e-13,3.2620996110100835e-12
1,1600,0.625,0.625,200.0,CRIS,0.050448197404945265,0.251390840637181,0.0008655078054220128,0.00021475581485005886,0.0007734237912615133,3.6014102426121166,0.004412537337841164,0.003223063672604959,0.002202680606303674,0.6834120669181238,0.12748320743996983,0.08695687336901824,0.0427731064864479,0.4918887355221707
1,3200,0.3125,0.3125,100.0,SRDM,0.05,0.25,0.00010737790742474362,0.00010737790742540104,1.1802126116677859e-15,1.0991205174003957e-11,0.0022790501790971615,0.002279050179094879,9.611965400169988e-15,4.217531271728016e-12,0.0869568733693019,0.08695687336901824,2.836619827917275e-13,3.2620996110100835e-12
1,3200,0.3125,0.3125,100.0,CRIS,0.05044819740494425,0.2513908988817288,0.0007746902588016033,0.00010737790742540104,0.000728648282699354,6.785830532277506,0.0031705519131698897,0.002279050179094879,0.001656217776179791,0.726714045777419,0.1274832164268181,0.08695687336901824,0.04277311596628043,0.49188884453980397
1,3200,0.3125,0.3125,200.0,SRDM,0.05,0.25,9.600201293031937e-05,9.600201293094697e-05,1.711250498942496e-15,1.7825152272310964e-11,0.0020831982379865264,0.0020831982379810174,2.15558985552851e-14,1.0347502298281764e-11,0.08030453189839053,0.0803045318977474,6.431244425897376e-13,8.008569720680703e-12
1,3200,0.3125,0.3125,200.0,CRIS,0.05093263934747642,0.25275817153076174,0.0015618974184024867,9.600201293094697e-05,0.0015593810132376493,16.243211633065364,0.006515356902873078,0.0020831982379810174,0.005507873057345216,2.6439505165304413,0.18621848920823125,0.0803045318977474,0.13990176197722834,1.742140308536593
10,2000,0.5,5.0,100.0,SRDM,0.05,0.25000000000000006,0.0010395574251599554,0.0010395574251600322,1.5784248907912967e-16,1.5183623844044113e-13,0.0076403346409976295,0.007640334640997743,6.121571288546461e-16,8.012176921804372e-14,0.10800128767206225,0.1080012876720672,5.717648576819556e-15,5.294055932166756e-14
10,2000,0.5,5.0,100.0,CRIS,0.0502375665856703,0.2499990604736989,0.001277517370381818,0.0010395574251600322,0.0002593251248381431,0.2494572387843047,0.007628153585271365,0.007640334640997743,0.00029439507261404344,0.03853169873402282,0.10657569857380868,0.1080012876720672,0.0014731126529270167,0.013639769346083581
10,2000,0.5,5.0,200.0,SRDM,0.05,0.25000000000000006,0.001085848138802148,0.0010858481388023639,3.3070421401326656e-16,3.045584388789548e-13,0.007933210637077201,0.007933210637077531,1.1799308953796502e-15,1.4873308542508562e-13,0.10585739930440158,0.10585739930441071,1.1518563880485999e-14,1.0881208074423249e-13
10,2000,0.5,5.0,200.0,CRIS,0.05045863158897763,0.2499990604736989,0.0015164397476628189,0.0010858481388023639,0.00048241820212505115,0.44427778147424396,0.007905827830766978,0.007933210637077531,0.0005978118070979586,0.0753555949093245,0.10240096309900062,0.10585739930441071,0.003613275429749263,0.034133423393093984
10,4000,0.25,2.5,100.0,SRDM,0.05,0.25000000000000006,0.0005429240694010797,0.0005429240694012153,1.931076826222622e-16,3.5568082814091927e-13,0.005609627038058648,0.0056096270380588805,8.352599612642888e-16,1.4889759258457169e-13,0.10585739930442431,0.10585739930443344,1.1518563880485999e-14,1.0881208074420913e-13
10,4000,0.25,2.5,100.0,CRIS,0.05045863158897224,0.2499990604736989,0.0010188713287343372,0.0005429240694012153,0.0005019228104717333,0.9244806755856267,0.005602948319995737,0.0056096270380588805,0.0005664190183932382,0.10097266976045491,0.10239310580928748,0.10585739930443344,0.0036213260243922185,0.03420947471019679
10,4000,0.25,2.5,200.0,SRDM,0.05,0.25000000000000006,0.0005418613082779349,0.000541861308278175,2.6314714296482576e-16,4.856356025880594e-13,0.0055882127331778175,0.005588212733177898,7.568194673831694e-16,1.3543139882450078e-13,0.10543181565866412,0.10543181565866762,4.9960036108132044e-15,4.738610996691566e-14
10,4000,0.25,2.5,200.0,CRIS,0.05085572016970705,0.2499990604736989,0.0013943941217139117,0.000541861308278175,0.0009284337076503407,1.7134157642673227,0.005598789414892706,0.005588212733177898,0.0011933250330806676,0.2135432364619464,0.09530279662768874,0.10543181565866762,0.010400339063150854,0.09864516700368363
10,8000,0.125,1.25,100.0,SRDM,0.05,0.25000000000000006,0.00027093065413897314,0.0002709306541391209,1.593291470980418e-16,5.880809154073331e-13,0.003951463118343191,0.003951463118343247,5.365897847150857e-16,1.3579521525182924e-13,0.10543181565866412,0.10543181565866762,4.9960036108132044e-15,4.738610996691566e-14
10,8000,0.125,1.25,100.0,CRIS,0.05085572016970659,0.2499990604736989,0.0012026267622123586,0.0002709306541391209,0.0009696566629945224,3.578984689184011,0.004027452159512778,0.003951463118343247,0.0011221422113815757,0.28398144630844047,0.0953001052330726,0.10543181565866762,0.01040303690634245,0.09867075551484358
10,8000,0.125,1.25,200.0,SRDM,0.05,0.25000000000000006,0.00026975941098992195,0.0002697594109900845,3.7462827978673727e-16,1.388749621048466e-12,0.003923208302910422,0.00392320830290978,2.6186558334596298e-15,6.674781534076117e-13,0.10577201302038176,0.10577201302033508,5.037636974236648e-14,4.762731492373264e-13
10,8000,0.125,1.25,200.0,CRIS,0.05149736271490356,0.2499990604736989,0.001935998053685786,0.0002697594109900845,0.0017935963337444663,6.648873999099861,0.0045350621620236405,0.00392320830290978,0.002645975527169221,0.6744417636980284,0.11837059423869536,0.10577201302033508,0.037449607055207654,0.3540596986464446
10,10000,0.1,1.0,100.0,SRDM,0.05,0.25,0.00020811224294547083,0.0002081122429456141,1.5787440799108764e-16,7.586022127124203e-13,0.003426398110292438,0.003426398110292411,5.689939161585277e-16,1.6606182289482102e-13,0.10858889015443625,0.10858889015443164,4.6074255521944e-15,4.242999026550383e-14
10,10000,0.1,1.0,100.0,CRIS,0.051033813334703394,0.2499990604736989,0.0013614135712419991,0.0002081122429456141,0.0011965085399921636,5.749342388784147,0.0036006242049897532,0.003426398110292411,0.0014128091981167492,0.4123307195018793,0.09378793207387177,0.10858889015443164,0.01531436203973413,0.1410306525644984
10,10000,0.1,1.0,200.0,SRDM,0.05,0.25,0.00021534026891264295,0.0002153402689127673,4.040601186972026e-16,1.8763797441939865e-12,0.0034975729873881205,0.003497572987387157,3.74236036447514e-15,1.0699877823767306e-12,0.10594184676217298,0.10594184676209682,8.278100427361323e-14,7.813815484971334e-13
10,10000,0.1,1.0,200.0,CRIS,0.05175547828505662,0.2499990604736989,0.002289804733170141,0.0002153402689127673,0.0022202662848418786,10.310502053572208,0.004867527349245815,0.003497572987387157,0.003545615596617194,1.0137359847537954,0.1405754583643502,0.10594184676209682,0.058855535878417256,0.5555456854606597
10,16000,0.0625,0.625,100.0,SRDM,0.05,0.25000000000000006,0.00013487970549496659,0.00013487970549507568,2.1506971550899755e-16,1.5945298421255043e-12,0.0027741271949955106,0.0027741271949950565,1.852085292585518e-15,6.6762810873523e-13,0.10577201302038176,0.10577201302033508,5.037636974236648e-14,4.762731492373264e-13
10,16000,0.0625,0.625,100.0,CRIS,0.05149736271489822,0.2499990604736989,0.001927904660730503,0.00013487970549507568,0.001856704147838329,13.76563020376787,0.0035205050783265667,0.0027741271949950565,0.002368786816887691,0.8538854386926956,0.1183708429297741,0.10577201302033508,0.03744984630287296,0.35406196056487155
10,16000,0.0625,0.625,200.0,SRDM,0.05,0.25000000000000006,0.00013371484988289572,0.00013371484988296912,4.520173298161456e-16,3.3804572208080364e-12,0.0027417368079794727,0.0027417368079777995,6.290426127225867e-15,2.2943216536766874e-12,0.10645036434605885,0.10645036434589626,1.7830181775480014e-13,1.674976115398085e-12
10,16000,0.0625,0.625,200.0,CRIS,0.052342349845852836,0.2499990604736989,0.0035159632583149987,0.00013371484988296912,0.003507470384391579,26.23097126056988,0.007800617202512471,0.0027417368079777995,0.006829430475468284,2.4909139548319414,0.19592050502610114,0.10645036434589626,0.14120608024152542,1.3264969181570399
100,8000,0.125,12.5,100.0,SRDM,0.05,0.25,0.002395889121420908,0.002395889121421657,1.7762197962456484e-15,7.413614346191809e-13,0.011889844039610447,0.011889844039608886,2.958199398156401e-15,2.4880052154609343e-13,0.11160374761891013,0.11160374761890267,2.1288526497187377e-14,1.9075100031481088e-13
100,8000,0.125,12.5,100.0,CRIS,0.04967262533330052,0.2499990308716482,0.00291348052183625,0.002395889121421657,0.0006554360843485347,0.27356695202974013,0.011851530421477432,0.011889844039608886,0.0008921474878162952,0.07503441465205647,0.10839177328199275,0.11160374761890267,0.003544617699831748,0.03176074079461634
100,8000,0.125,12.5,200.0,SRDM,0.05,0.25,0.0024896047970207748,0.002489604797022308,2.696443762717493e-15,1.0830810440044841e-12,0.012073265539011035,0.01207326553900952,3.8177953417164776e-15,3.162189491634163e-13,0.11337398939519523,0.11337398939519515,2.270406085358445e-14,2.0025811012474314e-13
100,8000,0.125,12.5,200.0,CRIS,0.049220291704925104,0.2499990308716482,0.0035511527661558867,0.002489604797022308,0.0015015791572384161,0.6031395661810983,0.011950811643368434,0.01207326553900952,0.002241953613136144,0.18569570973919552,0.10329510718608499,0.11337398939519515,0.011240023510197747,0.09914111314384166
100,16000,0.0625,6.25,100.0,SRDM,0.05,0.25,0.0012448023985103932,0.0012448023985129134,3.1020273155712983e-15,2.491983723101027e-12,0.00853708793370062,0.00853708793369955,3.9357341507202046e-15,4.61016002328402e-13,0.11337398939519523,0.11337398939519515,2.270406085358445e-14,2.0025811012474314e-13
100,16000,0.0625,6.25,100.0,CRIS,0.04922029170492107,0.2499990308716482,0.002428889062219254,0.0012448023985129134,0.0014063731318858079,1.1297962902111314,0.008528345233347017,0.00853708793369955,0.0019558673754442625,0.22910240478180088,0.10316235770613576,0.11337398939519515,0.011370128545097946,0.10028868707675394
100,16000,0.0625,6.25,200.0,SRDM,0.05,0.25,0.0012536197702035182,0.0012536197702080207,5.659848457961747e-15,4.514804721867599e-12,0.008552701154440663,0.008552701154440725,7.591854165811895e-15,8.876557275557394e-13,0.11382046860603491,0.11382046860606025,3.35009797680641e-14,2.9433176807603105e-13
100,16000,0.0625,6.25,200.0,CRIS,0.04778897312653538,0.2499990308716482,0.00396518325717846,0.0012536197702080207,0.0034192346816299558,2.7274894372977077,0.009510885178101516,0.008552701154440725,0.005494262325747859,0.642400830630582,0.12387950377813212,0.11382046860606025,0.04128503583660238,0.3627206630073934
100,20000,0.05,5.0,100.0,SRDM,0.05,0.25,0.0010000922217392701,0.0010000922217425713,3.795519107341327e-15,3.795169110232629e-12,0.007646546268766864,0.007646546268766031,4.684280699825711e-15,6.126008442477706e-13,0.11360147163896918,0.1136014716389722,2.2898349882893854e-14,2.01567370145215e-13
100,20000,0.05,5.0,100.0,CRIS,0.048935565108830015,0.24999903087164854,0.002563877036354858,0.0010000922217425713,0.0018240504322375674,1.8238822306400129,0.007749697327846229,0.007646546268766031,0.0025521907554177914,0.33377039328758995,0.10041136537205386,0.1136014716389722,0.017011054871405168,0.14974326147346617
100,20000,0.05,5.0,200.0,SRDM,0.05,0.25,0.0010027989233453655,0.0010027989233511968,7.232831000791861e-15,7.212643364854116e-12,0.007647175027224488,0.007647175027225173,9.956842704207584e-15,1.3020288758606443e-12,0.11387325464676114,0.11387325464680435,4.671263376110346e-14,4.102160239995772e-13
100,20000,0.05,5.0,200.0,CRIS,0.046745442117438536,0.24999903087164854,0.004808461301515754,0.0010027989233511968,0.004586388510263864,4.573587389720038,0.010221858565030273,0.007647175027225173,0.007517692479658595,0.9830679241542662,0.14763342875778107,0.11387325464680435,0.06395735264032602,0.5616538566382397
100,32000,0.03125,3.125,100.0,SRDM,0.05,0.25,0.0006268098851017648,0.0006268098851075994,6.412995568610969e-15,1.0231165335738287e-11,0.006047672983767072,0.006047672983767116,7.940645992013956e-15,1.313008493238287e-12,0.11382046860603491,0.11382046860606025,3.35009797680641e-14,2.9433176807603105e-13
100,32000,0.03125,3.125,100.0,CRIS,0.047788973126541255,0.2499990308716482,0.0035603282211010287,0.0006268098851075994,0.0032879606979210247,5.245546976906095,0.007183689033951141,0.006047672983767116,0.004632538619337508,0.766003491222484,0.12398005030203077,0.11382046860606025,0.04137772703960284,0.36353502622462164
100,32000,0.03125,3.125,200.0,SRDM,0.05,0.25,0.0006259604829876982,0.0006259604829973209,1.1763454793589645e-14,1.879264764009071e-11,0.006041060657482971,0.006041060657486287,1.9094166105056205e-14,3.1607307371420065e-12,0.11398457525448401,0.11398457525463195,1.730698917512541e-13,1.5183623868811243e-12
100,32000,0.03125,3.125,200.0,CRIS,0.042565658011131366,0.2499990308716482,0.008796587157518899,0.0006259604829973209,0.00879658715753082,14.052943271130534,0.016801330691866675,0.006041060657486287,0.014806703982884067,2.451010645710882,0.20656960975585226,0.11398457525463195,0.14866074968078408,1.3042181308189154
1000,20000,0.05,50.0,100.0,SRDM,0.050000000000000114,0.25,0.007322493400480967,0.007322493400481632,1.1320670095793518e-15,1.5460130145079966e-13,0.021161992791725346,0.021161992791725318,2.021494492504709e-15,9.552476992124986e-14,0.1020631992864905,0.10206319928649162,5.405398351143731e-15,5.2961286623700346e-14
1000,20000,0.05,50.0,100.0,CRIS,0.0522368275625434,0.2525493829131733,0.009056424230802074,0.007322493400481632,0.0025067652073270112,0.3423376533411598,0.02139321203326949,0.021161992791725318,0.0027351778766128544,0.12924954202244854,0.10789121837849126,0.10206319928649162,0.0058283969624659815,0.05710576391110041
1000,20000,0.05,50.0,200.0,SRDM,0.050000000000000724,0.25,0.008640093367620798,0.008640093367621452,1.1885884637630185e-15,1.3756662262669822e-13,0.02273687053798697,0.02273687053798701,2.3555687707807005e-15,1.0360127471567373e-13,0.1085879405594845,0.10858794055948605,1.0082212842377203e-14,9.284836594588531e-14
1000,20000,0.05,50.0,200.0,CRIS,0.055398704224834505,0.2539813622925663,0.012019718934664816,0.008640093367621452,0.005466394773116308,0.6326777432291988,0.024275107819755084,0.02273687053798701,0.0062843751029750105,0.27639578157757294,0.12141176929989349,0.10858794055948605,0.013873463708782507,0.12776247194026508
1000,40000,0.025,25.0,100.0,SRDM,0.05,0.25,0.004320046683810449,0.004320046683814783,4.598503001995713e-15,1.0644567845121158e-12,0.016077395340371232,0.016077395340371253,6.749426689461289e-15,4.1980846689221447e-13,0.10858794055948452,0.10858794055948605,1.0803857808383555e-14,9.949408518771055e-14
1000,40000,0.025,25.0,100.0,CRIS,0.05539870422377278,0.25547477620438613,0.008671610825188029,0.004320046683814783,0.0054971923616884315,1.2724844808469014,0.017613057854018597,0.016077395340371253,0.005982750152514534,0.37212185343800736,0.12221931790500849,0.10858794055948605,0.014706657245248694,0.13543545599515422
1000,40000,0.025,25.0,200.0,SRDM,0.05,0.25,0.004755018142605626,0.004755018142612659,7.810241169081688e-15,1.642526050340226e-12,0.016761274578231615,0.01676127457823147,1.2223195901866803e-14,7.292521726087317e-13,0.11256568919403818,0.11256568919403996,2.213507155346406e-14,1.966413719131393e-13
1000,40000,0.025,25.0,200.0,CRIS,0.06295614085920344,0.25920618101988696,0.013989001811691224,0.004755018142612659,0.011874698020777862,2.4972981521061604,0.023563499542497472,0.01676127457823147,0.014093876853864661,0.8408594935953699,0.14489633094559723,0.11256568919403996,0.04240598428155558,0.3767221129740203
1000,50000,0.02,20.0,100.0,SRDM,0.05,0.25,0.003591494331694042,0.003591494331700202,6.3798795413294585e-15,1.7763858027054839e-12,0.01462520960157615,0.014625209601576131,8.995516010812799e-15,6.150692028265611e-13,0.11017493496280088,0.11017493496280183,1.3510026430907374e-14,1.226234118991651e-13
1000,50000,0.02,20.0,100.0,CRIS,0.05726950233014807,0.25692785431292087,0.009517002911845089,0.003591494331700202,0.007166776507778652,1.9954859581766131,0.017222979302578333,0.014625209601576131,0.007800374463454376,0.5333512938244485,0.12821013134418963,0.11017493496280183,0.02058342387708703,0.18682492423559477
1000,50000,0.02,20.0,200.0,SRDM,0.05,0.25000000000000006,0.003871911494625199,0.003871911494635597,1.107319416715491e-14,2.859877913660074e-12,0.015103813476145247,0.01510381347614511,1.6496954686223376e-14,1.0922377128318346e-12,0.11333616871765868,0.1133361687176614,2.766536999487812e-14,2.441000989172044e-13
1000,50000,0.02,20.0,200.0,CRIS,0.06602717067824379,0.26178712408078597,0.01589504554380812,0.003871911494635597,0.014715875399112335,3.8006745297511797,0.025277389392022526,0.01510381347614511,0.017830828842649957,1.180551446216671,0.1568476635950119,0.1133361687176614,0.06083031317748537,0.5367246296195476
1000,80000,0.0125,12.5,100.0,SRDM,0.05,0.25,0.002377509071302819,0.0023775090713146364,1.2205772417089867e-14,5.133848936416769e-12,0.011852010915597264,0.011852010915597162,1.6076031266502682e-14,1.3563969339031521e-12,0.11256568919403818,0.11256568919403996,2.213507155346406e-14,1.966413719131393e-13
1000,80000,0.0125,12.5,100.0,CRIS,0.0629561408592136,0.2610547123496494,0.013218999069378498,0.0023775090713146364,0.012206029282971636,5.133956976333365,0.01892063376989894,0.011852010915597162,0.01340876002189054,1.1313489430088786,0.14576149940071892,0.11256568919403996,0.04333028518962541,0.3849333264857728
1000,80000,0.0125,12.5,200.0,SRDM,0.05,0.25,0.0024715163787019678,0.002471516378722035,2.2191756158390642e-14,8.979004286374786e-12,0.012044946773087458,0.012044946773088086,2.9807391794277115e-14,2.4746802419148498e-12,0.1142307575988329,0.11423075759884242,4.463096558993129e-14,3.9070882946138817e-13
1000,80000,0.0125,12.5,200.0,CRIS,0.07115573216115667,0.2686823902089531,0.020913652989013203,0.002471516378722035,0.020838893291436233,8.431622574239848,0.0316080161977251,0.012044946773088086,0.02707078294312496,2.247480495605756,0.18895506951119173,0.11423075759884242,0.11922659261482914,1.0437345870849528
